split,method,basis,alpha,cutoff,validation_qualifies,hours,tp,fp,fn,tn,precision,recall,f1,mae,rmse
validation,persistence,selected,0,600,True,3566,244,62,62,3198,0.7973856209150327,0.7973856209150327,0.7973856209150327,32.469433538979246,80.09554375942383
validation,persistence,default,0,600,True,3566,244,62,62,3198,0.7973856209150327,0.7973856209150327,0.7973856209150327,32.469433538979246,80.09554375942383
validation,original,selected,1,600,True,3566,241,55,65,3205,0.8141891891891891,0.7875816993464052,0.8006644518272426,29.33746861937588,69.65638278353492
validation,original,default,1,600,True,3566,241,55,65,3205,0.8141891891891891,0.7875816993464052,0.8006644518272426,29.33746861937588,69.65638278353492
validation,absolute_l1,selected,1,620,True,3566,261,64,45,3196,0.803076923076923,0.8529411764705882,0.8272583201267829,28.45315695611982,71.28850390205947
validation,absolute_l1,default,1,600,True,3566,276,80,30,3180,0.7752808988764045,0.9019607843137255,0.8338368580060423,28.45315695611982,71.28850390205947
validation,residual_base,selected,1,620,True,3566,262,55,44,3205,0.8264984227129337,0.8562091503267973,0.841091492776886,27.867706578087564,71.26028512445677
validation,residual_base,default,1,600,True,3566,274,75,32,3185,0.7851002865329513,0.8954248366013072,0.8366412213740458,27.867706578087564,71.26028512445677
validation,residual_history,selected,1,620,True,3566,258,58,48,3202,0.8164556962025317,0.8431372549019608,0.8295819935691319,27.54423264015303,70.99906815173019
validation,residual_history,default,1,600,True,3566,275,76,31,3184,0.7834757834757835,0.8986928104575164,0.837138508371385,27.54423264015303,70.99906815173019
test,persistence,selected,0,600,True,3567,985,20,25,2537,0.9800995024875622,0.9752475247524752,0.9776674937965261,12.259321558732829,40.10747056849009
test,persistence,default,0,600,True,3567,985,20,25,2537,0.9800995024875622,0.9752475247524752,0.9776674937965261,12.259321558732829,40.10747056849009
test,original,selected,1,600,True,3567,965,24,45,2533,0.9757330637007078,0.9554455445544554,0.9654827413706853,14.265815252695758,42.66015997533186
test,original,default,1,600,True,3567,965,24,45,2533,0.9757330637007078,0.9554455445544554,0.9654827413706853,14.265815252695758,42.66015997533186
test,absolute_l1,selected,1,620,True,3567,945,15,65,2542,0.984375,0.9356435643564357,0.9593908629441624,12.010384549187483,40.45901702642796
test,absolute_l1,default,1,600,True,3567,987,28,23,2529,0.9724137931034482,0.9772277227722772,0.9748148148148148,12.010384549187483,40.45901702642796
test,residual_base,selected,1,620,True,3567,945,17,65,2540,0.9823284823284824,0.9356435643564357,0.9584178498985801,11.35969155128589,40.395552604284745
test,residual_base,default,1,600,True,3567,990,25,20,2532,0.9753694581280788,0.9801980198019802,0.9777777777777777,11.35969155128589,40.395552604284745
test,residual_history,selected,1,620,True,3567,950,18,60,2539,0.981404958677686,0.9405940594059405,0.9605662285136501,11.10262316826007,38.40018119737174
test,residual_history,default,1,600,True,3567,991,29,19,2528,0.9715686274509804,0.9811881188118812,0.9763546798029556,11.10262316826007,38.40018119737174
