time,available_at,asset_id,measurement,value,unit
2026-07-01T10:00:00+03:00,2026-07-01T10:02:00+03:00,tank-demo,tank_storage_m3,1800,m3
2026-07-01T11:00:00+03:00,2026-07-01T11:02:00+03:00,tank-demo,tank_storage_m3,2050,m3
2026-07-01T12:00:00+03:00,2026-07-01T12:02:00+03:00,tank-demo,tank_storage_m3,2300,m3
2026-07-01T13:00:00+03:00,2026-07-01T13:02:00+03:00,tank-demo,tank_storage_m3,2550,m3
2026-07-01T10:00:00+03:00,2026-07-01T10:01:00+03:00,unit-demo,unit_load_kw,1258,kW
2026-07-01T11:00:00+03:00,2026-07-01T11:01:00+03:00,unit-demo,unit_load_kw,1258,kW
2026-07-01T13:00:00+03:00,2026-07-01T13:01:00+03:00,unit-demo,unit_load_kw,1258,kW
2026-07-01T10:00:00+03:00,2026-07-01T10:01:00+03:00,unit-demo,production_rate_m3_h,370,m3/h
2026-07-01T11:00:00+03:00,2026-07-01T11:01:00+03:00,unit-demo,production_rate_m3_h,370,m3/h
2026-07-01T12:00:00+03:00,2026-07-01T12:01:00+03:00,unit-demo,production_rate_m3_h,370,m3/h
2026-07-01T13:00:00+03:00,2026-07-01T13:01:00+03:00,unit-demo,production_rate_m3_h,370,m3/h
2026-07-01T10:00:00+03:00,2026-07-01T10:05:00+03:00,grid-demo,available_power_kw,900,kW
2026-07-01T11:00:00+03:00,2026-07-01T11:05:00+03:00,grid-demo,available_power_kw,1200,kW
2026-07-01T12:00:00+03:00,2026-07-01T12:05:00+03:00,grid-demo,available_power_kw,1350,kW
2026-07-01T13:00:00+03:00,2026-07-01T13:05:00+03:00,grid-demo,available_power_kw,1100,kW
