interval_start_utc,valid_time_utc,shortwave_radiation_w_m2,cloud_cover_percent,event_gt_600
2026-10-03T23:00:00.000000+00:00,2026-10-04T00:00:00.000000+00:00,0.0,41,0
2026-10-04T00:00:00.000000+00:00,2026-10-04T01:00:00.000000+00:00,0.0,39,0
2026-10-04T01:00:00.000000+00:00,2026-10-04T02:00:00.000000+00:00,0.0,35,0
2026-10-04T02:00:00.000000+00:00,2026-10-04T03:00:00.000000+00:00,0.0,32,0
2026-10-04T03:00:00.000000+00:00,2026-10-04T04:00:00.000000+00:00,2.0,35,0
2026-10-04T04:00:00.000000+00:00,2026-10-04T05:00:00.000000+00:00,97.0,40,0
2026-10-04T05:00:00.000000+00:00,2026-10-04T06:00:00.000000+00:00,253.0,41,0
2026-10-04T06:00:00.000000+00:00,2026-10-04T07:00:00.000000+00:00,415.0,34,0
2026-10-04T07:00:00.000000+00:00,2026-10-04T08:00:00.000000+00:00,560.0,23,0
2026-10-04T08:00:00.000000+00:00,2026-10-04T09:00:00.000000+00:00,664.0,14,1
2026-10-04T09:00:00.000000+00:00,2026-10-04T10:00:00.000000+00:00,718.0,8,1
2026-10-04T10:00:00.000000+00:00,2026-10-04T11:00:00.000000+00:00,706.0,4,1
2026-10-04T11:00:00.000000+00:00,2026-10-04T12:00:00.000000+00:00,630.0,2,1
2026-10-04T12:00:00.000000+00:00,2026-10-04T13:00:00.000000+00:00,499.0,2,0
2026-10-04T13:00:00.000000+00:00,2026-10-04T14:00:00.000000+00:00,327.0,5,0
2026-10-04T14:00:00.000000+00:00,2026-10-04T15:00:00.000000+00:00,141.0,6,0
2026-10-04T15:00:00.000000+00:00,2026-10-04T16:00:00.000000+00:00,11.0,5,0
2026-10-04T16:00:00.000000+00:00,2026-10-04T17:00:00.000000+00:00,0.0,3,0
2026-10-04T17:00:00.000000+00:00,2026-10-04T18:00:00.000000+00:00,0.0,1,0
2026-10-04T18:00:00.000000+00:00,2026-10-04T19:00:00.000000+00:00,0.0,1,0
2026-10-04T19:00:00.000000+00:00,2026-10-04T20:00:00.000000+00:00,0.0,1,0
2026-10-04T20:00:00.000000+00:00,2026-10-04T21:00:00.000000+00:00,0.0,1,0
2026-10-04T21:00:00.000000+00:00,2026-10-04T22:00:00.000000+00:00,0.0,1,0
2026-10-04T22:00:00.000000+00:00,2026-10-04T23:00:00.000000+00:00,0.0,2,0
2026-10-04T23:00:00.000000+00:00,2026-10-05T00:00:00.000000+00:00,0.0,3,0
2026-10-05T00:00:00.000000+00:00,2026-10-05T01:00:00.000000+00:00,0.0,5,0
2026-10-05T01:00:00.000000+00:00,2026-10-05T02:00:00.000000+00:00,0.0,8,0
2026-10-05T02:00:00.000000+00:00,2026-10-05T03:00:00.000000+00:00,0.0,9,0
2026-10-05T03:00:00.000000+00:00,2026-10-05T04:00:00.000000+00:00,2.0,7,0
2026-10-05T04:00:00.000000+00:00,2026-10-05T05:00:00.000000+00:00,102.0,3,0
2026-10-05T05:00:00.000000+00:00,2026-10-05T06:00:00.000000+00:00,273.0,2,0
2026-10-05T06:00:00.000000+00:00,2026-10-05T07:00:00.000000+00:00,455.0,7,0
2026-10-05T07:00:00.000000+00:00,2026-10-05T08:00:00.000000+00:00,614.0,14,1
2026-10-05T08:00:00.000000+00:00,2026-10-05T09:00:00.000000+00:00,713.0,18,1
2026-10-05T09:00:00.000000+00:00,2026-10-05T10:00:00.000000+00:00,747.0,16,1
2026-10-05T10:00:00.000000+00:00,2026-10-05T11:00:00.000000+00:00,718.0,11,1
2026-10-05T11:00:00.000000+00:00,2026-10-05T12:00:00.000000+00:00,635.0,6,1
2026-10-05T12:00:00.000000+00:00,2026-10-05T13:00:00.000000+00:00,503.0,4,0
2026-10-05T13:00:00.000000+00:00,2026-10-05T14:00:00.000000+00:00,331.0,2,0
2026-10-05T14:00:00.000000+00:00,2026-10-05T15:00:00.000000+00:00,143.0,1,0
2026-10-05T15:00:00.000000+00:00,2026-10-05T16:00:00.000000+00:00,11.0,0,0
2026-10-05T16:00:00.000000+00:00,2026-10-05T17:00:00.000000+00:00,0.0,0,0
2026-10-05T17:00:00.000000+00:00,2026-10-05T18:00:00.000000+00:00,0.0,0,0
2026-10-05T18:00:00.000000+00:00,2026-10-05T19:00:00.000000+00:00,0.0,0,0
2026-10-05T19:00:00.000000+00:00,2026-10-05T20:00:00.000000+00:00,0.0,0,0
2026-10-05T20:00:00.000000+00:00,2026-10-05T21:00:00.000000+00:00,0.0,1,0
2026-10-05T21:00:00.000000+00:00,2026-10-05T22:00:00.000000+00:00,0.0,6,0
2026-10-05T22:00:00.000000+00:00,2026-10-05T23:00:00.000000+00:00,0.0,12,0
2026-10-05T23:00:00.000000+00:00,2026-10-06T00:00:00.000000+00:00,0.0,19,0
2026-10-06T00:00:00.000000+00:00,2026-10-06T01:00:00.000000+00:00,0.0,28,0
2026-10-06T01:00:00.000000+00:00,2026-10-06T02:00:00.000000+00:00,0.0,37,0
2026-10-06T02:00:00.000000+00:00,2026-10-06T03:00:00.000000+00:00,0.0,41,0
2026-10-06T03:00:00.000000+00:00,2026-10-06T04:00:00.000000+00:00,1.0,35,0
2026-10-06T04:00:00.000000+00:00,2026-10-06T05:00:00.000000+00:00,94.0,23,0
2026-10-06T05:00:00.000000+00:00,2026-10-06T06:00:00.000000+00:00,257.0,15,0
2026-10-06T06:00:00.000000+00:00,2026-10-06T07:00:00.000000+00:00,437.0,13,0
2026-10-06T07:00:00.000000+00:00,2026-10-06T08:00:00.000000+00:00,596.0,14,0
2026-10-06T08:00:00.000000+00:00,2026-10-06T09:00:00.000000+00:00,692.0,16,1
2026-10-06T09:00:00.000000+00:00,2026-10-06T10:00:00.000000+00:00,721.0,19,1
2026-10-06T10:00:00.000000+00:00,2026-10-06T11:00:00.000000+00:00,689.0,22,1
2026-10-06T11:00:00.000000+00:00,2026-10-06T12:00:00.000000+00:00,608.0,22,1
2026-10-06T12:00:00.000000+00:00,2026-10-06T13:00:00.000000+00:00,480.0,17,0
2026-10-06T13:00:00.000000+00:00,2026-10-06T14:00:00.000000+00:00,310.0,10,0
2026-10-06T14:00:00.000000+00:00,2026-10-06T15:00:00.000000+00:00,126.0,4,0
2026-10-06T15:00:00.000000+00:00,2026-10-06T16:00:00.000000+00:00,8.0,1,0
2026-10-06T16:00:00.000000+00:00,2026-10-06T17:00:00.000000+00:00,0.0,0,0
2026-10-06T17:00:00.000000+00:00,2026-10-06T18:00:00.000000+00:00,0.0,1,0
2026-10-06T18:00:00.000000+00:00,2026-10-06T19:00:00.000000+00:00,0.0,6,0
2026-10-06T19:00:00.000000+00:00,2026-10-06T20:00:00.000000+00:00,0.0,14,0
2026-10-06T20:00:00.000000+00:00,2026-10-06T21:00:00.000000+00:00,0.0,18,0
2026-10-06T21:00:00.000000+00:00,2026-10-06T22:00:00.000000+00:00,0.0,15,0
2026-10-06T22:00:00.000000+00:00,2026-10-06T23:00:00.000000+00:00,0.0,9,0
2026-10-06T23:00:00.000000+00:00,2026-10-07T00:00:00.000000+00:00,0.0,4,0
2026-10-07T00:00:00.000000+00:00,2026-10-07T01:00:00.000000+00:00,0.0,3,0
2026-10-07T01:00:00.000000+00:00,2026-10-07T02:00:00.000000+00:00,0.0,3,0
2026-10-07T02:00:00.000000+00:00,2026-10-07T03:00:00.000000+00:00,0.0,3,0
2026-10-07T03:00:00.000000+00:00,2026-10-07T04:00:00.000000+00:00,1.0,1,0
2026-10-07T04:00:00.000000+00:00,2026-10-07T05:00:00.000000+00:00,99.0,0,0
2026-10-07T05:00:00.000000+00:00,2026-10-07T06:00:00.000000+00:00,269.0,0,0
2026-10-07T06:00:00.000000+00:00,2026-10-07T07:00:00.000000+00:00,449.0,8,0
2026-10-07T07:00:00.000000+00:00,2026-10-07T08:00:00.000000+00:00,602.0,20,1
2026-10-07T08:00:00.000000+00:00,2026-10-07T09:00:00.000000+00:00,686.0,28,1
2026-10-07T09:00:00.000000+00:00,2026-10-07T10:00:00.000000+00:00,700.0,28,1
2026-10-07T10:00:00.000000+00:00,2026-10-07T11:00:00.000000+00:00,658.0,25,1
2026-10-07T11:00:00.000000+00:00,2026-10-07T12:00:00.000000+00:00,578.0,20,0
2026-10-07T12:00:00.000000+00:00,2026-10-07T13:00:00.000000+00:00,457.0,14,0
2026-10-07T13:00:00.000000+00:00,2026-10-07T14:00:00.000000+00:00,297.0,7,0
2026-10-07T14:00:00.000000+00:00,2026-10-07T15:00:00.000000+00:00,123.0,2,0
2026-10-07T15:00:00.000000+00:00,2026-10-07T16:00:00.000000+00:00,8.0,0,0
2026-10-07T16:00:00.000000+00:00,2026-10-07T17:00:00.000000+00:00,0.0,0,0
2026-10-07T17:00:00.000000+00:00,2026-10-07T18:00:00.000000+00:00,0.0,1,0
2026-10-07T18:00:00.000000+00:00,2026-10-07T19:00:00.000000+00:00,0.0,6,0
2026-10-07T19:00:00.000000+00:00,2026-10-07T20:00:00.000000+00:00,0.0,13,0
2026-10-07T20:00:00.000000+00:00,2026-10-07T21:00:00.000000+00:00,0.0,17,0
2026-10-07T21:00:00.000000+00:00,2026-10-07T22:00:00.000000+00:00,0.0,13,0
2026-10-07T22:00:00.000000+00:00,2026-10-07T23:00:00.000000+00:00,0.0,6,0
2026-10-07T23:00:00.000000+00:00,2026-10-08T00:00:00.000000+00:00,0.0,0,0
2026-10-08T00:00:00.000000+00:00,2026-10-08T01:00:00.000000+00:00,0.0,0,0
2026-10-08T01:00:00.000000+00:00,2026-10-08T02:00:00.000000+00:00,0.0,0,0
2026-10-08T02:00:00.000000+00:00,2026-10-08T03:00:00.000000+00:00,0.0,0,0
2026-10-08T03:00:00.000000+00:00,2026-10-08T04:00:00.000000+00:00,1.0,0,0
2026-10-08T04:00:00.000000+00:00,2026-10-08T05:00:00.000000+00:00,97.0,0,0
2026-10-08T05:00:00.000000+00:00,2026-10-08T06:00:00.000000+00:00,269.0,0,0
2026-10-08T06:00:00.000000+00:00,2026-10-08T07:00:00.000000+00:00,452.0,0,0
2026-10-08T07:00:00.000000+00:00,2026-10-08T08:00:00.000000+00:00,611.0,0,1
2026-10-08T08:00:00.000000+00:00,2026-10-08T09:00:00.000000+00:00,710.0,0,1
2026-10-08T09:00:00.000000+00:00,2026-10-08T10:00:00.000000+00:00,743.0,1,1
2026-10-08T10:00:00.000000+00:00,2026-10-08T11:00:00.000000+00:00,712.0,2,1
2026-10-08T11:00:00.000000+00:00,2026-10-08T12:00:00.000000+00:00,625.0,2,1
2026-10-08T12:00:00.000000+00:00,2026-10-08T13:00:00.000000+00:00,489.0,2,0
2026-10-08T13:00:00.000000+00:00,2026-10-08T14:00:00.000000+00:00,315.0,1,0
2026-10-08T14:00:00.000000+00:00,2026-10-08T15:00:00.000000+00:00,130.0,0,0
2026-10-08T15:00:00.000000+00:00,2026-10-08T16:00:00.000000+00:00,7.0,0,0
2026-10-08T16:00:00.000000+00:00,2026-10-08T17:00:00.000000+00:00,0.0,0,0
2026-10-08T17:00:00.000000+00:00,2026-10-08T18:00:00.000000+00:00,0.0,0,0
2026-10-08T18:00:00.000000+00:00,2026-10-08T19:00:00.000000+00:00,0.0,0,0
2026-10-08T19:00:00.000000+00:00,2026-10-08T20:00:00.000000+00:00,0.0,0,0
2026-10-08T20:00:00.000000+00:00,2026-10-08T21:00:00.000000+00:00,0.0,0,0
2026-10-08T21:00:00.000000+00:00,2026-10-08T22:00:00.000000+00:00,0.0,0,0
2026-10-08T22:00:00.000000+00:00,2026-10-08T23:00:00.000000+00:00,0.0,0,0
2026-10-08T23:00:00.000000+00:00,2026-10-09T00:00:00.000000+00:00,0.0,0,0
2026-10-09T00:00:00.000000+00:00,2026-10-09T01:00:00.000000+00:00,0.0,0,0
2026-10-09T01:00:00.000000+00:00,2026-10-09T02:00:00.000000+00:00,0.0,0,0
2026-10-09T02:00:00.000000+00:00,2026-10-09T03:00:00.000000+00:00,0.0,0,0
2026-10-09T03:00:00.000000+00:00,2026-10-09T04:00:00.000000+00:00,1.0,0,0
2026-10-09T04:00:00.000000+00:00,2026-10-09T05:00:00.000000+00:00,97.0,0,0
2026-10-09T05:00:00.000000+00:00,2026-10-09T06:00:00.000000+00:00,272.0,0,0
2026-10-09T06:00:00.000000+00:00,2026-10-09T07:00:00.000000+00:00,456.0,0,0
2026-10-09T07:00:00.000000+00:00,2026-10-09T08:00:00.000000+00:00,618.0,0,1
2026-10-09T08:00:00.000000+00:00,2026-10-09T09:00:00.000000+00:00,722.0,0,1
2026-10-09T09:00:00.000000+00:00,2026-10-09T10:00:00.000000+00:00,763.0,3,1
2026-10-09T10:00:00.000000+00:00,2026-10-09T11:00:00.000000+00:00,733.0,6,1
2026-10-09T11:00:00.000000+00:00,2026-10-09T12:00:00.000000+00:00,631.0,8,1
2026-10-09T12:00:00.000000+00:00,2026-10-09T13:00:00.000000+00:00,480.0,7,0
2026-10-09T13:00:00.000000+00:00,2026-10-09T14:00:00.000000+00:00,316.0,5,0
2026-10-09T14:00:00.000000+00:00,2026-10-09T15:00:00.000000+00:00,146.0,3,0
2026-10-09T15:00:00.000000+00:00,2026-10-09T16:00:00.000000+00:00,9.0,2,0
2026-10-09T16:00:00.000000+00:00,2026-10-09T17:00:00.000000+00:00,0.0,1,0
2026-10-09T17:00:00.000000+00:00,2026-10-09T18:00:00.000000+00:00,0.0,0,0
2026-10-09T18:00:00.000000+00:00,2026-10-09T19:00:00.000000+00:00,0.0,0,0
2026-10-09T19:00:00.000000+00:00,2026-10-09T20:00:00.000000+00:00,0.0,0,0
2026-10-09T20:00:00.000000+00:00,2026-10-09T21:00:00.000000+00:00,0.0,0,0
2026-10-09T21:00:00.000000+00:00,2026-10-09T22:00:00.000000+00:00,0.0,0,0
2026-10-09T22:00:00.000000+00:00,2026-10-09T23:00:00.000000+00:00,0.0,0,0
2026-10-09T23:00:00.000000+00:00,2026-10-10T00:00:00.000000+00:00,0.0,0,0
2026-10-10T00:00:00.000000+00:00,2026-10-10T01:00:00.000000+00:00,0.0,7,0
2026-10-10T01:00:00.000000+00:00,2026-10-10T02:00:00.000000+00:00,0.0,17,0
2026-10-10T02:00:00.000000+00:00,2026-10-10T03:00:00.000000+00:00,0.0,27,0
2026-10-10T03:00:00.000000+00:00,2026-10-10T04:00:00.000000+00:00,0.0,37,0
2026-10-10T04:00:00.000000+00:00,2026-10-10T05:00:00.000000+00:00,94.0,48,0
2026-10-10T05:00:00.000000+00:00,2026-10-10T06:00:00.000000+00:00,263.0,59,0
2026-10-10T06:00:00.000000+00:00,2026-10-10T07:00:00.000000+00:00,437.0,70,0
2026-10-10T07:00:00.000000+00:00,2026-10-10T08:00:00.000000+00:00,584.0,80,0
2026-10-10T08:00:00.000000+00:00,2026-10-10T09:00:00.000000+00:00,672.0,88,1
2026-10-10T09:00:00.000000+00:00,2026-10-10T10:00:00.000000+00:00,698.0,95,1
2026-10-10T10:00:00.000000+00:00,2026-10-10T11:00:00.000000+00:00,662.0,100,1
2026-10-10T11:00:00.000000+00:00,2026-10-10T12:00:00.000000+00:00,566.0,98,0
2026-10-10T12:00:00.000000+00:00,2026-10-10T13:00:00.000000+00:00,429.0,85,0
2026-10-10T13:00:00.000000+00:00,2026-10-10T14:00:00.000000+00:00,281.0,65,0
2026-10-10T14:00:00.000000+00:00,2026-10-10T15:00:00.000000+00:00,128.0,46,0
2026-10-10T15:00:00.000000+00:00,2026-10-10T16:00:00.000000+00:00,7.0,27,0
2026-10-10T16:00:00.000000+00:00,2026-10-10T17:00:00.000000+00:00,0.0,8,0
2026-10-10T17:00:00.000000+00:00,2026-10-10T18:00:00.000000+00:00,0.0,0,0
2026-10-10T18:00:00.000000+00:00,2026-10-10T19:00:00.000000+00:00,0.0,8,0
2026-10-10T19:00:00.000000+00:00,2026-10-10T20:00:00.000000+00:00,0.0,27,0
2026-10-10T20:00:00.000000+00:00,2026-10-10T21:00:00.000000+00:00,0.0,46,0
2026-10-10T21:00:00.000000+00:00,2026-10-10T22:00:00.000000+00:00,0.0,65,0
2026-10-10T22:00:00.000000+00:00,2026-10-10T23:00:00.000000+00:00,0.0,84,0
