date,group_1_start_local,group_1_end_local,estimated_curtailed_mwh,estimated_day_energy_mwh,reported_curtailment_percent,reported_percent_minus_ratio_pp,source_ratio_discrepancy,source_id,page
2026-07-01,10:00,15:30,704.3,2881.0,24.45,0.00363,False,eac-2026-07,1
2026-07-02,08:30,16:00,925.1,2911.1,31.79,0.01163,True,eac-2026-07,2
2026-07-03,09:45,16:45,932.5,2840.0,32.85,0.01549,True,eac-2026-07,3
2026-07-04,07:45,16:45,1598.5,2798.9,57.13,0.01828,True,eac-2026-07,4
2026-07-05,09:00,17:15,1264.7,2683.8,47.12,-0.00348,False,eac-2026-07,5
2026-07-06,11:00,13:15,219.9,2161.7,10.17,-0.00255,False,eac-2026-07,6
2026-07-07,09:15,16:30,545.6,2526.7,21.62,0.02662,True,eac-2026-07,7
2026-07-08,09:45,16:00,802.3,2674.1,30.02,0.01738,True,eac-2026-07,8
2026-07-09,08:45,16:15,923.8,2712.2,34.07,0.00909,True,eac-2026-07,9
2026-07-10,09:15,17:00,1150.7,2882.5,39.92,-0.00021,False,eac-2026-07,10
2026-07-11,08:15,17:00,1666.4,2891.7,57.64,0.013,True,eac-2026-07,11
2026-07-12,08:45,17:15,1243.6,2720.2,45.72,0.00277,False,eac-2026-07,12
2026-07-13,10:30,15:00,429.4,2743.7,15.65,-0.0004,False,eac-2026-07,13
2026-07-14,10:00,15:30,513.0,2755.0,18.62,-0.00069,False,eac-2026-07,14
2026-07-15,10:00,14:15,331.7,2691.5,12.33,0.00602,False,eac-2026-07,15
2026-07-16,09:30,15:15,576.0,2702.8,21.31,-0.00123,False,eac-2026-07,16
2026-07-17,10:00,15:15,511.9,2724.7,18.79,0.00261,False,eac-2026-07,17
2026-07-18,09:30,16:00,747.8,2664.3,28.07,0.00259,False,eac-2026-07,18
2026-07-19,08:30,16:00,1478.6,2831.0,52.23,0.00111,False,eac-2026-07,19
2026-07-20,11:00,14:00,192.0,2695.8,7.12,-0.00219,False,eac-2026-07,20
2026-07-21,11:15,13:45,163.4,2628.8,6.21,-0.00576,False,eac-2026-07,21
2026-07-22,10:00,14:45,458.8,2710.6,16.93,0.00386,False,eac-2026-07,22
2026-07-23,10:00,15:00,599.3,2715.1,22.07,-0.00285,False,eac-2026-07,23
2026-07-24,10:00,15:30,723.2,2533.8,28.54,-0.00211,False,eac-2026-07,24
2026-07-25,08:45,17:45,1410.2,2370.2,59.5,0.00291,False,eac-2026-07,25
2026-07-26,08:15,17:30,1755.5,2746.3,63.92,-0.00237,False,eac-2026-07,26
2026-07-27,09:30,17:15,879.4,2835.8,31.01,-0.00065,False,eac-2026-07,27
2026-07-28,09:00,15:30,963.0,2836.2,33.95,-0.00388,False,eac-2026-07,28
2026-07-29,09:30,15:30,657.0,2818.8,23.31,0.00221,False,eac-2026-07,29
2026-07-30,09:45,14:45,584.5,2809.9,20.8,-0.00145,False,eac-2026-07,30
2026-07-31,09:45,15:45,755.3,2818.2,26.8,-0.00079,False,eac-2026-07,31
2026-08-01,09:00,16:45,1243.8,2766.7,44.96,0.00392,False,eac-2026-08,1
2026-08-02,08:45,17:00,1780.3,2886.8,61.67,-0.00036,False,eac-2026-08,2
2026-08-03,09:30,15:30,802.3,2827.8,28.38,0.00812,True,eac-2026-08,3
2026-08-04,09:30,15:30,820.7,2771.7,29.61,1e-05,False,eac-2026-08,4
2026-08-05,09:30,15:30,744.2,2739.1,27.17,0.00049,False,eac-2026-08,5
2026-08-06,09:45,15:15,617.7,2648.9,23.32,0.00089,False,eac-2026-08,6
2026-08-07,10:15,14:30,356.6,2563.5,13.91,-0.00067,False,eac-2026-08,7
2026-08-08,10:00,15:00,529.8,2580.3,20.53,-0.0025,False,eac-2026-08,8
2026-08-09,08:45,16:00,1424.1,2707.1,52.61,0.00389,False,eac-2026-08,9
2026-08-10,10:30,14:30,305.8,2615.1,11.69,-0.00363,False,eac-2026-08,10
2026-08-11,10:45,15:00,259.9,2515.6,10.33,-0.00153,False,eac-2026-08,11
2026-08-12,09:45,14:30,490.6,2558.9,19.17,-0.0023,False,eac-2026-08,12
2026-08-13,10:00,14:45,469.9,2522.0,18.63,-0.00204,False,eac-2026-08,13
2026-08-14,10:45,14:15,298.5,2025.2,14.75,0.01071,True,eac-2026-08,14
2026-08-15,08:30,16:30,1032.0,2348.0,43.95,-0.0023,False,eac-2026-08,15
2026-08-16,08:45,17:00,1200.1,2398.8,50.03,0.00082,False,eac-2026-08,16
2026-08-17,09:30,13:45,629.2,2020.7,31.16,0.02228,True,eac-2026-08,17
2026-08-18,09:15,16:30,938.7,2419.1,38.8,-0.00369,False,eac-2026-08,18
2026-08-19,09:15,15:15,871.9,2502.3,34.85,0.00606,False,eac-2026-08,19
2026-08-20,09:15,15:15,831.8,2670.9,31.14,-0.00306,False,eac-2026-08,20
2026-08-21,10:00,14:30,536.4,2601.8,20.62,0.0035,False,eac-2026-08,21
2026-08-22,09:30,15:00,677.2,2645.8,25.59,-0.00528,False,eac-2026-08,22
2026-08-23,08:30,16:00,1410.3,2683.6,52.55,-0.00254,False,eac-2026-08,23
2026-08-24,10:30,14:30,303.9,2481.0,12.25,0.00091,False,eac-2026-08,24
2026-08-25,10:30,14:15,236.0,2501.2,9.49,0.05453,True,eac-2026-08,25
2026-08-26,09:00,15:15,715.1,2597.2,27.53,-0.0035,False,eac-2026-08,26
2026-08-27,09:30,14:15,546.9,2470.6,22.14,0.00368,False,eac-2026-08,27
2026-08-28,10:00,13:45,337.4,2356.9,14.32,0.00459,False,eac-2026-08,28
2026-08-29,09:00,18:30,805.8,1289.5,62.5,0.01066,False,eac-2026-08,29
2026-08-30,08:00,16:45,1796.1,2525.7,71.11,-0.00296,False,eac-2026-08,30
2026-08-31,09:45,15:00,495.8,2396.8,20.69,0.00409,False,eac-2026-08,31
