tick,threshold,tp,fp,fn,tn,precision,recall,f1,f1_exact,raw_ecmwf_fp_cap,eligible
10,0.05,1405,306,19,6353,0.8211572180011689,0.9866573033707865,0.8963317384370016,562/627,63,False
11,0.055,1404,298,20,6361,0.8249118683901293,0.9859550561797753,0.8982725527831094,468/521,63,False
12,0.06,1404,292,20,6367,0.8278301886792453,0.9859550561797753,0.9,9/10,63,False
13,0.065,1403,282,21,6377,0.8326409495548961,0.985252808988764,0.9025410099710518,2806/3109,63,False
14,0.07,1402,274,22,6385,0.8365155131264916,0.9845505617977528,0.9045161290322581,701/775,63,False
15,0.075,1401,265,23,6394,0.84093637454982,0.9838483146067416,0.9067961165048544,467/515,63,False
16,0.08,1400,260,24,6399,0.8433734939759037,0.9831460674157303,0.9079118028534371,700/771,63,False
17,0.085,1400,253,24,6406,0.8469449485783425,0.9831460674157303,0.9099772505687358,2800/3077,63,False
18,0.09,1400,243,24,6416,0.852099817407182,0.9831460674157303,0.9129442451907401,2800/3067,63,False
19,0.095,1399,235,25,6424,0.8561811505507956,0.9824438202247191,0.9149771092217135,1399/1529,63,False
20,0.1,1399,232,25,6427,0.8577559779276518,0.9824438202247191,0.9158756137479541,2798/3055,63,False
21,0.105,1399,226,25,6433,0.8609230769230769,0.9824438202247191,0.9176779271892423,2798/3049,63,False
22,0.11,1398,224,26,6435,0.8618988902589396,0.9817415730337079,0.9179251477347341,1398/1523,63,False
23,0.115,1397,218,27,6441,0.865015479876161,0.9810393258426966,0.9193813754524515,2794/3039,63,False
24,0.12,1396,211,28,6448,0.8686994399502178,0.9803370786516854,0.9211481359287363,2792/3031,63,False
25,0.125,1395,208,29,6451,0.8702432938240798,0.9796348314606742,0.9217046580773043,930/1009,63,False
26,0.13,1395,201,29,6458,0.8740601503759399,0.9796348314606742,0.9238410596026491,279/302,63,False
27,0.135,1394,199,30,6460,0.8750784682988073,0.9789325842696629,0.924096784885648,2788/3017,63,False
28,0.14,1392,198,32,6461,0.8754716981132076,0.9775280898876404,0.9236894492368944,1392/1507,63,False
29,0.145,1390,195,34,6464,0.8769716088328076,0.976123595505618,0.9238949817215022,2780/3009,63,False
30,0.15,1387,190,37,6469,0.8795180722891566,0.9740168539325843,0.9243585471509497,2774/3001,63,False
31,0.155,1384,187,40,6472,0.8809675366008911,0.9719101123595506,0.9242070116861436,2768/2995,63,False
32,0.16,1382,183,42,6476,0.8830670926517572,0.9705056179775281,0.9247239879558381,2764/2989,63,False
33,0.165,1381,179,43,6480,0.8852564102564102,0.9698033707865169,0.925603217158177,1381/1492,63,False
34,0.17,1381,176,43,6483,0.8869621066152859,0.9698033707865169,0.9265347198926535,2762/2981,63,False
35,0.175,1381,172,43,6487,0.8892466194462331,0.9698033707865169,0.9277796439368492,2762/2977,63,False
36,0.18,1380,167,44,6492,0.892049127343245,0.9691011235955056,0.9289801413665433,2760/2971,63,False
37,0.185,1380,162,44,6497,0.8949416342412452,0.9691011235955056,0.930546190155091,1380/1483,63,False
38,0.19,1380,160,44,6499,0.8961038961038961,0.9691011235955056,0.9311740890688259,230/247,63,False
39,0.195,1380,159,44,6500,0.8966861598440545,0.9691011235955056,0.9314883563955451,2760/2963,63,False
40,0.2,1380,156,44,6503,0.8984375,0.9691011235955056,0.9324324324324325,69/74,63,False
41,0.205,1380,153,44,6506,0.9001956947162426,0.9691011235955056,0.933378424078458,2760/2957,63,False
42,0.21,1376,150,48,6509,0.9017038007863696,0.9662921348314607,0.9328813559322033,1376/1475,63,False
43,0.215,1372,148,52,6511,0.9026315789473685,0.9634831460674157,0.9320652173913043,343/368,63,False
44,0.22,1372,145,52,6514,0.9044166117336849,0.9634831460674157,0.9330159809588575,2744/2941,63,False
45,0.225,1372,143,52,6516,0.9056105610561056,0.9634831460674157,0.9336509016672337,2744/2939,63,False
46,0.23,1370,142,54,6517,0.906084656084656,0.9620786516853933,0.9332425068119891,685/734,63,False
47,0.235,1370,141,54,6518,0.9066843150231635,0.9620786516853933,0.9335604770017035,548/587,63,False
48,0.24,1369,138,55,6521,0.9084273390842734,0.961376404494382,0.9341521664960765,2738/2931,63,False
49,0.245,1369,132,55,6527,0.9120586275816123,0.961376404494382,0.9360683760683761,2738/2925,63,False
50,0.25,1366,128,58,6531,0.9143239625167336,0.9592696629213483,0.9362577107607951,1366/1459,63,False
51,0.255,1364,126,60,6533,0.9154362416107382,0.9578651685393258,0.9361702127659575,44/47,63,False
52,0.26,1364,124,60,6535,0.9166666666666666,0.9578651685393258,0.9368131868131868,341/364,63,False
53,0.265,1362,123,62,6536,0.9171717171717172,0.9564606741573034,0.9364042626332073,2724/2909,63,False
54,0.27,1358,123,66,6536,0.9169480081026333,0.9536516853932584,0.9349397590361446,388/415,63,False
55,0.275,1357,120,67,6539,0.9187542315504401,0.9529494382022472,0.9355394691485694,2714/2901,63,False
56,0.28,1357,119,67,6540,0.9193766937669376,0.9529494382022472,0.9358620689655173,1357/1450,63,False
57,0.285,1355,117,69,6542,0.920516304347826,0.9515449438202247,0.9357734806629834,1355/1448,63,False
58,0.29,1353,115,71,6544,0.9216621253405994,0.9501404494382022,0.9356846473029046,451/482,63,False
59,0.295,1352,114,72,6545,0.922237380627558,0.949438202247191,0.9356401384083045,1352/1445,63,False
60,0.3,1351,113,73,6546,0.9228142076502732,0.9487359550561798,0.935595567867036,1351/1444,63,False
61,0.305,1351,112,73,6547,0.9234449760765551,0.9487359550561798,0.9359196397644614,2702/2887,63,False
62,0.31,1350,109,74,6550,0.9252912954078135,0.9480337078651685,0.9365244536940687,900/961,63,False
63,0.315,1348,108,76,6551,0.9258241758241759,0.9466292134831461,0.9361111111111111,337/360,63,False
64,0.32,1348,106,76,6553,0.9270976616231087,0.9466292134831461,0.936761640027797,1348/1439,63,False
65,0.325,1348,104,76,6555,0.928374655647383,0.9466292134831461,0.9374130737134909,674/719,63,False
66,0.33,1348,103,76,6556,0.9290144727773949,0.9466292134831461,0.9377391304347826,2696/2875,63,False
67,0.335,1348,100,76,6559,0.930939226519337,0.9466292134831461,0.9387186629526463,337/359,63,False
68,0.34,1346,99,78,6560,0.9314878892733564,0.9452247191011236,0.9383060299756013,2692/2869,63,False
69,0.345,1345,96,79,6563,0.9333795975017349,0.9445224719101124,0.9389179755671903,538/573,63,False
70,0.35,1343,95,81,6564,0.9339360222531293,0.9431179775280899,0.9385045422781272,1343/1431,63,False
71,0.355,1343,94,81,6565,0.9345859429366736,0.9431179775280899,0.9388325760223698,2686/2861,63,False
72,0.36,1343,94,81,6565,0.9345859429366736,0.9431179775280899,0.9388325760223698,2686/2861,63,False
73,0.365,1342,92,82,6567,0.9358437935843794,0.9424157303370787,0.9391182645206438,1342/1429,63,False
74,0.37,1341,92,83,6567,0.9357990230286113,0.9417134831460674,0.9387469373468673,2682/2857,63,False
75,0.375,1340,92,84,6567,0.9357541899441341,0.9410112359550562,0.938375350140056,335/357,63,False
76,0.38,1338,92,86,6567,0.9356643356643357,0.9396067415730337,0.9376313945339874,1338/1427,63,False
77,0.385,1337,89,87,6570,0.9375876577840112,0.9389044943820225,0.9382456140350878,1337/1425,63,False
78,0.39,1336,87,88,6572,0.9388615600843289,0.9382022471910112,0.9385317878468563,2672/2847,63,False
79,0.395,1336,86,88,6573,0.939521800281294,0.9382022471910112,0.9388615600843289,1336/1423,63,False
80,0.4,1336,85,88,6574,0.94018296973962,0.9382022471910112,0.9391915641476274,2672/2845,63,False
81,0.405,1334,85,90,6574,0.9400986610288936,0.9367977528089888,0.9384453042560675,2668/2843,63,False
82,0.41,1334,84,90,6575,0.9407616361071932,0.9367977528089888,0.9387755102040817,46/49,63,False
83,0.415,1334,84,90,6575,0.9407616361071932,0.9367977528089888,0.9387755102040817,46/49,63,False
84,0.42,1331,83,93,6576,0.9413012729844413,0.9346910112359551,0.937984496124031,121/129,63,False
85,0.425,1329,78,95,6581,0.9445628997867804,0.9332865168539326,0.9388908512892971,2658/2831,63,False
86,0.43,1327,77,97,6582,0.9451566951566952,0.9318820224719101,0.9384724186704385,1327/1414,63,False
87,0.435,1326,74,98,6585,0.9471428571428572,0.9311797752808989,0.9390934844192634,663/706,63,False
88,0.44,1325,73,99,6586,0.9477825464949928,0.9304775280898876,0.9390503189227498,1325/1411,63,False
89,0.445,1325,73,99,6586,0.9477825464949928,0.9304775280898876,0.9390503189227498,1325/1411,63,False
90,0.45,1325,71,99,6588,0.9491404011461319,0.9304775280898876,0.9397163120567376,265/282,63,False
91,0.455,1325,68,99,6591,0.9511844938980617,0.9304775280898876,0.9407170749023784,2650/2817,63,False
92,0.46,1323,66,101,6593,0.9524838012958964,0.9290730337078652,0.9406327763953075,2646/2813,63,False
93,0.465,1323,65,101,6594,0.9531700288184438,0.9290730337078652,0.9409672830725462,1323/1406,63,False
94,0.47,1323,62,101,6597,0.9552346570397112,0.9290730337078652,0.9419722321110715,2646/2809,63,True
95,0.475,1323,58,101,6601,0.9580014482259233,0.9290730337078652,0.9433155080213904,882/935,63,True
96,0.48,1320,55,104,6604,0.96,0.9269662921348315,0.9431939978563773,880/933,63,True
97,0.485,1318,54,106,6605,0.9606413994169096,0.925561797752809,0.9427753934191703,659/699,63,True
98,0.49,1318,52,106,6607,0.962043795620438,0.925561797752809,0.9434502505368647,1318/1397,63,True
99,0.495,1317,51,107,6608,0.9627192982456141,0.9248595505617978,0.9434097421203438,1317/1396,63,True
100,0.5,1315,49,109,6610,0.9640762463343109,0.9234550561797753,0.9433285509325682,1315/1394,63,True
101,0.505,1312,48,112,6611,0.9647058823529412,0.9213483146067416,0.9425287356321839,82/87,63,True
102,0.51,1306,47,118,6612,0.9652623798965262,0.9171348314606742,0.9405833633417356,2612/2777,63,True
103,0.515,1306,47,118,6612,0.9652623798965262,0.9171348314606742,0.9405833633417356,2612/2777,63,True
104,0.52,1306,46,118,6613,0.9659763313609467,0.9171348314606742,0.9409221902017291,653/694,63,True
105,0.525,1303,45,121,6614,0.9666172106824926,0.9150280898876404,0.9401154401154401,1303/1386,63,True
106,0.53,1303,44,121,6615,0.9673348181143281,0.9150280898876404,0.9404547094911584,2606/2771,63,True
107,0.535,1300,44,124,6615,0.9672619047619048,0.9129213483146067,0.9393063583815029,325/346,63,True
108,0.54,1299,43,125,6616,0.9679582712369598,0.9122191011235955,0.9392624728850325,433/461,63,True
109,0.545,1298,42,126,6617,0.9686567164179104,0.9115168539325843,0.9392185238784371,649/691,63,True
110,0.55,1296,41,128,6618,0.9693343305908751,0.9101123595505618,0.9387902933719667,2592/2761,63,True
111,0.555,1296,40,128,6619,0.9700598802395209,0.9101123595505618,0.9391304347826087,108/115,63,True
112,0.56,1296,40,128,6619,0.9700598802395209,0.9101123595505618,0.9391304347826087,108/115,63,True
113,0.565,1294,39,130,6620,0.9707426856714179,0.9087078651685393,0.9387014871236852,2588/2757,63,True
114,0.57,1288,38,136,6621,0.971342383107089,0.9044943820224719,0.9367272727272727,1288/1375,63,True
115,0.575,1286,37,138,6622,0.9720332577475435,0.9030898876404494,0.9362941390607936,2572/2747,63,True
116,0.58,1286,36,138,6623,0.972768532526475,0.9030898876404494,0.9366351056081573,1286/1373,63,True
117,0.585,1286,36,138,6623,0.972768532526475,0.9030898876404494,0.9366351056081573,1286/1373,63,True
118,0.59,1285,35,139,6624,0.9734848484848485,0.9023876404494382,0.9365889212827988,1285/1372,63,True
119,0.595,1283,35,141,6624,0.9734446130500759,0.9009831460674157,0.9358132749817651,1283/1371,63,True
120,0.6,1281,35,143,6624,0.973404255319149,0.8995786516853933,0.935036496350365,1281/1370,63,True
121,0.605,1280,35,144,6624,0.973384030418251,0.898876404494382,0.9346476816356335,2560/2739,63,True
122,0.61,1278,35,146,6624,0.9733434881949733,0.8974719101123596,0.9338691998538546,2556/2737,63,True
123,0.615,1277,35,147,6624,0.9733231707317073,0.8967696629213483,0.9334795321637427,1277/1368,63,True
124,0.62,1275,35,149,6624,0.9732824427480916,0.8953651685393258,0.9326993416239941,1275/1367,63,True
125,0.625,1271,34,153,6625,0.9739463601532568,0.8925561797752809,0.9314767314034444,2542/2729,63,True
126,0.63,1267,34,157,6625,0.9738662567255957,0.889747191011236,0.929908256880734,2534/2725,63,True
127,0.635,1265,34,159,6625,0.9738260200153964,0.8883426966292135,0.9291222915901579,2530/2723,63,True
128,0.64,1260,34,164,6625,0.973724884080371,0.8848314606741573,0.9271523178807947,140/151,63,True
129,0.645,1258,34,166,6625,0.9736842105263158,0.8834269662921348,0.9263622974963182,629/679,63,True
130,0.65,1255,34,169,6625,0.9736229635376261,0.8813202247191011,0.9251750829340214,2510/2713,63,True
131,0.655,1254,34,170,6625,0.9736024844720497,0.8806179775280899,0.9247787610619469,209/226,63,True
132,0.66,1251,34,173,6625,0.9735408560311284,0.8785112359550562,0.9235880398671097,278/301,63,True
133,0.665,1251,33,173,6626,0.9742990654205608,0.8785112359550562,0.9239290989660266,1251/1354,63,True
134,0.67,1250,33,174,6626,0.9742790335151987,0.8778089887640449,0.9235315847801995,2500/2707,63,True
135,0.675,1249,33,175,6626,0.9742589703588144,0.8771067415730337,0.9231337767923133,1249/1353,63,True
136,0.68,1248,32,176,6627,0.975,0.8764044943820225,0.9230769230769231,12/13,63,True
137,0.685,1246,32,178,6627,0.974960876369327,0.875,0.9222797927461139,178/193,63,True
138,0.69,1245,32,179,6627,0.9749412685982772,0.8742977528089888,0.9218807848944836,2490/2701,63,True
139,0.695,1244,32,180,6627,0.9749216300940439,0.8735955056179775,0.9214814814814815,622/675,63,True
140,0.7,1241,32,183,6627,0.9748625294579732,0.8714887640449438,0.9202817945865777,2482/2697,63,True
141,0.705,1240,32,184,6627,0.9748427672955975,0.8707865168539326,0.9198813056379822,310/337,63,True
142,0.71,1237,32,187,6627,0.9747832939322301,0.8686797752808989,0.9186780542146306,2474/2693,63,True
143,0.715,1234,32,190,6627,0.9747235387045814,0.8665730337078652,0.9174721189591079,1234/1345,63,True
144,0.72,1232,32,192,6627,0.9746835443037974,0.8651685393258427,0.9166666666666666,11/12,63,True
145,0.725,1230,32,194,6627,0.9746434231378764,0.8637640449438202,0.9158600148920327,1230/1343,63,True
146,0.73,1228,31,196,6628,0.9753772835583797,0.8623595505617978,0.9153932165486396,2456/2683,63,True
147,0.735,1224,30,200,6629,0.9760765550239234,0.8595505617977528,0.9141150112023898,1224/1339,63,True
148,0.74,1222,30,202,6629,0.9760383386581469,0.8581460674157303,0.9133034379671151,611/669,63,True
149,0.745,1220,29,204,6630,0.9767814251401121,0.8567415730337079,0.912832023943135,2440/2673,63,True
150,0.75,1218,29,206,6630,0.9767441860465116,0.8553370786516854,0.9120179707974542,2436/2671,63,True
151,0.755,1213,28,211,6631,0.9774375503626108,0.8518258426966292,0.9103189493433396,2426/2665,63,True
152,0.76,1209,28,215,6631,0.9773645917542442,0.8490168539325843,0.9086809470124013,806/887,63,True
153,0.765,1206,28,218,6631,0.9773095623987034,0.8469101123595506,0.90744920993228,402/443,63,True
154,0.77,1201,28,223,6631,0.9772172497965825,0.8433988764044944,0.9053901243874859,2402/2653,63,True
155,0.775,1195,28,229,6631,0.9771054783319706,0.839185393258427,0.9029089535323007,2390/2647,63,True
156,0.78,1194,28,230,6631,0.9770867430441899,0.8384831460674157,0.9024943310657596,398/441,63,True
157,0.785,1191,28,233,6631,0.9770303527481542,0.836376404494382,0.9012485811577753,794/881,63,True
158,0.79,1190,28,234,6631,0.9770114942528736,0.8356741573033708,0.9008327024981075,1190/1321,63,True
159,0.795,1187,28,237,6631,0.9769547325102881,0.8335674157303371,0.8995831754452445,2374/2639,63,True
160,0.8,1186,28,238,6631,0.9769357495881383,0.8328651685393258,0.8991660348749052,1186/1319,63,True
161,0.805,1183,27,241,6632,0.9776859504132231,0.8307584269662921,0.8982536066818527,1183/1317,63,True
162,0.81,1181,26,243,6633,0.9784589892294946,0.8293539325842697,0.8977575066514634,2362/2631,63,True
163,0.815,1180,26,244,6633,0.978441127694859,0.8286516853932584,0.8973384030418251,236/263,63,True
164,0.82,1178,26,246,6633,0.978405315614618,0.827247191011236,0.8964992389649924,589/657,63,True
165,0.825,1178,26,246,6633,0.978405315614618,0.827247191011236,0.8964992389649924,589/657,63,True
166,0.83,1176,25,248,6634,0.9791840133222315,0.8258426966292135,0.896,112/125,63,True
167,0.835,1175,25,249,6634,0.9791666666666666,0.8251404494382022,0.895579268292683,1175/1312,63,True
168,0.84,1172,25,252,6634,0.9791144527986633,0.8230337078651685,0.8943151468904998,2344/2621,63,True
169,0.845,1170,25,254,6634,0.9790794979079498,0.8216292134831461,0.8934707903780069,260/291,63,True
170,0.85,1166,25,258,6634,0.979009235936188,0.8188202247191011,0.8917782026768643,2332/2615,63,True
171,0.855,1164,25,260,6634,0.9789739276703112,0.8174157303370787,0.8909299655568312,776/871,63,True
172,0.86,1162,24,262,6635,0.9797639123102867,0.8160112359550562,0.8904214559386974,1162/1305,63,True
173,0.865,1157,23,267,6636,0.9805084745762712,0.8125,0.8886328725038403,1157/1302,63,True
174,0.87,1154,23,270,6636,0.9804587935429057,0.8103932584269663,0.8873510188389081,2308/2601,63,True
175,0.875,1147,23,277,6636,0.9803418803418803,0.8054775280898876,0.8843484965304549,1147/1297,63,True
176,0.88,1144,22,280,6637,0.9811320754716981,0.8033707865168539,0.8833976833976834,1144/1295,63,True
177,0.885,1141,21,283,6638,0.9819277108433735,0.8012640449438202,0.8824439288476411,1141/1293,63,True
178,0.89,1135,21,289,6638,0.9818339100346021,0.7970505617977528,0.8798449612403101,227/258,63,True
179,0.895,1133,21,291,6638,0.9818024263431543,0.7956460674157303,0.8789759503491078,1133/1289,63,True
180,0.9,1126,21,298,6638,0.981691368788143,0.7907303370786517,0.8759237650719565,2252/2571,63,True
181,0.905,1122,21,302,6638,0.9816272965879265,0.7879213483146067,0.8741721854304636,132/151,63,True
182,0.91,1113,21,311,6638,0.9814814814814815,0.7816011235955056,0.8702111024237685,1113/1279,63,True
183,0.915,1102,20,322,6639,0.982174688057041,0.773876404494382,0.8656716417910447,58/67,63,True
184,0.92,1095,20,329,6639,0.9820627802690582,0.7689606741573034,0.8625443087829854,2190/2539,63,True
185,0.925,1085,20,339,6639,0.9819004524886877,0.761938202247191,0.8580466587584026,2170/2529,63,True
186,0.93,1078,19,346,6640,0.9826800364630811,0.7570224719101124,0.8552161840539468,2156/2521,63,True
187,0.935,1074,19,350,6640,0.9826166514181153,0.7542134831460674,0.8533969010727056,716/839,63,True
188,0.94,1067,19,357,6640,0.9825046040515654,0.7492977528089888,0.850199203187251,1067/1255,63,True
189,0.945,1062,19,362,6640,0.9824236817761333,0.7457865168539326,0.8479041916167664,708/835,63,True
190,0.95,1049,18,375,6641,0.9831302717900656,0.7366573033707865,0.8422320353271778,2098/2491,63,True
