feature_time,target_time,valid_time_utc,interval_start_utc,weather_actual_w_m2,satellite_w_m2,is_missing,validation_training,test_training
2026-02-12 03:00:00,2026-02-13 03:00:00,2026-02-13T00:00:00+00:00,2026-02-12T23:00:00+00:00,0.0,,1,0,1
2026-02-12 04:00:00,2026-02-13 04:00:00,2026-02-13T01:00:00+00:00,2026-02-13T00:00:00+00:00,0.0,,1,0,1
2026-02-12 05:00:00,2026-02-13 05:00:00,2026-02-13T02:00:00+00:00,2026-02-13T01:00:00+00:00,0.0,,1,0,1
2026-02-12 06:00:00,2026-02-13 06:00:00,2026-02-13T03:00:00+00:00,2026-02-13T02:00:00+00:00,0.0,,1,0,1
2026-02-12 07:00:00,2026-02-13 07:00:00,2026-02-13T04:00:00+00:00,2026-02-13T03:00:00+00:00,0.0,,1,0,1
2026-02-12 08:00:00,2026-02-13 08:00:00,2026-02-13T05:00:00+00:00,2026-02-13T04:00:00+00:00,1.0,,1,0,1
2026-02-12 09:00:00,2026-02-13 09:00:00,2026-02-13T06:00:00+00:00,2026-02-13T05:00:00+00:00,28.0,,1,0,1
2026-02-12 10:00:00,2026-02-13 10:00:00,2026-02-13T07:00:00+00:00,2026-02-13T06:00:00+00:00,137.0,,1,0,1
2026-02-12 11:00:00,2026-02-13 11:00:00,2026-02-13T08:00:00+00:00,2026-02-13T07:00:00+00:00,251.0,,1,0,1
2026-02-12 12:00:00,2026-02-13 12:00:00,2026-02-13T09:00:00+00:00,2026-02-13T08:00:00+00:00,259.0,,1,0,1
2026-02-12 13:00:00,2026-02-13 13:00:00,2026-02-13T10:00:00+00:00,2026-02-13T09:00:00+00:00,103.0,,1,0,1
2026-02-12 14:00:00,2026-02-13 14:00:00,2026-02-13T11:00:00+00:00,2026-02-13T10:00:00+00:00,43.0,,1,0,1
2026-02-12 15:00:00,2026-02-13 15:00:00,2026-02-13T12:00:00+00:00,2026-02-13T11:00:00+00:00,37.0,,1,0,1
2026-02-12 16:00:00,2026-02-13 16:00:00,2026-02-13T13:00:00+00:00,2026-02-13T12:00:00+00:00,321.0,,1,0,1
2026-02-12 17:00:00,2026-02-13 17:00:00,2026-02-13T14:00:00+00:00,2026-02-13T13:00:00+00:00,212.0,,1,0,1
2026-02-12 18:00:00,2026-02-13 18:00:00,2026-02-13T15:00:00+00:00,2026-02-13T14:00:00+00:00,104.0,,1,0,1
2026-02-12 19:00:00,2026-02-13 19:00:00,2026-02-13T16:00:00+00:00,2026-02-13T15:00:00+00:00,6.0,,1,0,1
2026-02-12 20:00:00,2026-02-13 20:00:00,2026-02-13T17:00:00+00:00,2026-02-13T16:00:00+00:00,0.0,,1,0,1
2026-02-12 21:00:00,2026-02-13 21:00:00,2026-02-13T18:00:00+00:00,2026-02-13T17:00:00+00:00,0.0,,1,0,1
2026-02-12 22:00:00,2026-02-13 22:00:00,2026-02-13T19:00:00+00:00,2026-02-13T18:00:00+00:00,0.0,,1,0,1
2026-02-12 23:00:00,2026-02-13 23:00:00,2026-02-13T20:00:00+00:00,2026-02-13T19:00:00+00:00,0.0,,1,0,1
2026-02-13 00:00:00,2026-02-14 00:00:00,2026-02-13T21:00:00+00:00,2026-02-13T20:00:00+00:00,0.0,,1,0,1
2026-02-13 01:00:00,2026-02-14 01:00:00,2026-02-13T22:00:00+00:00,2026-02-13T21:00:00+00:00,0.0,,1,0,1
2026-02-13 02:00:00,2026-02-14 02:00:00,2026-02-13T23:00:00+00:00,2026-02-13T22:00:00+00:00,0.0,,1,0,1
2026-02-13 03:00:00,2026-02-14 03:00:00,2026-02-14T00:00:00+00:00,2026-02-13T23:00:00+00:00,0.0,,1,0,1
2026-03-14 03:00:00,2026-03-15 03:00:00,2026-03-15T00:00:00+00:00,2026-03-14T23:00:00+00:00,0.0,,1,0,1
2026-03-14 04:00:00,2026-03-15 04:00:00,2026-03-15T01:00:00+00:00,2026-03-15T00:00:00+00:00,0.0,,1,0,1
2026-03-14 05:00:00,2026-03-15 05:00:00,2026-03-15T02:00:00+00:00,2026-03-15T01:00:00+00:00,0.0,,1,0,1
2026-03-14 06:00:00,2026-03-15 06:00:00,2026-03-15T03:00:00+00:00,2026-03-15T02:00:00+00:00,0.0,,1,0,1
2026-03-14 07:00:00,2026-03-15 07:00:00,2026-03-15T04:00:00+00:00,2026-03-15T03:00:00+00:00,0.0,,1,0,1
2026-03-14 08:00:00,2026-03-15 08:00:00,2026-03-15T05:00:00+00:00,2026-03-15T04:00:00+00:00,9.0,,1,0,1
2026-03-14 09:00:00,2026-03-15 09:00:00,2026-03-15T06:00:00+00:00,2026-03-15T05:00:00+00:00,44.0,,1,0,1
2026-03-14 10:00:00,2026-03-15 10:00:00,2026-03-15T07:00:00+00:00,2026-03-15T06:00:00+00:00,160.0,,1,0,1
2026-03-14 11:00:00,2026-03-15 11:00:00,2026-03-15T08:00:00+00:00,2026-03-15T07:00:00+00:00,161.0,,1,0,1
2026-03-14 12:00:00,2026-03-15 12:00:00,2026-03-15T09:00:00+00:00,2026-03-15T08:00:00+00:00,96.0,,1,0,1
2026-03-14 13:00:00,2026-03-15 13:00:00,2026-03-15T10:00:00+00:00,2026-03-15T09:00:00+00:00,86.0,,1,0,1
2026-03-14 14:00:00,2026-03-15 14:00:00,2026-03-15T11:00:00+00:00,2026-03-15T10:00:00+00:00,106.0,,1,0,1
2026-03-14 15:00:00,2026-03-15 15:00:00,2026-03-15T12:00:00+00:00,2026-03-15T11:00:00+00:00,123.0,,1,0,1
2026-03-14 16:00:00,2026-03-15 16:00:00,2026-03-15T13:00:00+00:00,2026-03-15T12:00:00+00:00,70.0,,1,0,1
2026-03-14 17:00:00,2026-03-15 17:00:00,2026-03-15T14:00:00+00:00,2026-03-15T13:00:00+00:00,71.0,,1,0,1
2026-03-14 18:00:00,2026-03-15 18:00:00,2026-03-15T15:00:00+00:00,2026-03-15T14:00:00+00:00,64.0,,1,0,1
2026-03-14 19:00:00,2026-03-15 19:00:00,2026-03-15T16:00:00+00:00,2026-03-15T15:00:00+00:00,22.0,,1,0,1
2026-03-14 20:00:00,2026-03-15 20:00:00,2026-03-15T17:00:00+00:00,2026-03-15T16:00:00+00:00,0.0,,1,0,1
2026-03-14 21:00:00,2026-03-15 21:00:00,2026-03-15T18:00:00+00:00,2026-03-15T17:00:00+00:00,0.0,,1,0,1
2026-03-14 22:00:00,2026-03-15 22:00:00,2026-03-15T19:00:00+00:00,2026-03-15T18:00:00+00:00,0.0,,1,0,1
2026-03-14 23:00:00,2026-03-15 23:00:00,2026-03-15T20:00:00+00:00,2026-03-15T19:00:00+00:00,0.0,,1,0,1
2026-03-15 00:00:00,2026-03-16 00:00:00,2026-03-15T21:00:00+00:00,2026-03-15T20:00:00+00:00,0.0,,1,0,1
2026-03-15 01:00:00,2026-03-16 01:00:00,2026-03-15T22:00:00+00:00,2026-03-15T21:00:00+00:00,0.0,,1,0,1
2026-03-15 02:00:00,2026-03-16 02:00:00,2026-03-15T23:00:00+00:00,2026-03-15T22:00:00+00:00,0.0,,1,0,1
2026-03-15 03:00:00,2026-03-16 03:00:00,2026-03-16T00:00:00+00:00,2026-03-15T23:00:00+00:00,0.0,,1,0,1
2026-03-15 04:00:00,2026-03-16 04:00:00,2026-03-16T01:00:00+00:00,2026-03-16T00:00:00+00:00,0.0,,1,0,1
2026-03-15 05:00:00,2026-03-16 05:00:00,2026-03-16T02:00:00+00:00,2026-03-16T01:00:00+00:00,0.0,,1,0,1
2026-03-15 06:00:00,2026-03-16 06:00:00,2026-03-16T03:00:00+00:00,2026-03-16T02:00:00+00:00,0.0,,1,0,1
2026-03-15 07:00:00,2026-03-16 07:00:00,2026-03-16T04:00:00+00:00,2026-03-16T03:00:00+00:00,0.0,,1,0,1
2026-03-15 08:00:00,2026-03-16 08:00:00,2026-03-16T05:00:00+00:00,2026-03-16T04:00:00+00:00,45.0,,1,0,1
2026-03-15 09:00:00,2026-03-16 09:00:00,2026-03-16T06:00:00+00:00,2026-03-16T05:00:00+00:00,176.0,,1,0,1
2026-03-15 10:00:00,2026-03-16 10:00:00,2026-03-16T07:00:00+00:00,2026-03-16T06:00:00+00:00,308.0,,1,0,1
2026-03-15 11:00:00,2026-03-16 11:00:00,2026-03-16T08:00:00+00:00,2026-03-16T07:00:00+00:00,501.0,,1,0,1
2026-03-15 12:00:00,2026-03-16 12:00:00,2026-03-16T09:00:00+00:00,2026-03-16T08:00:00+00:00,551.0,,1,0,1
2026-03-15 13:00:00,2026-03-16 13:00:00,2026-03-16T10:00:00+00:00,2026-03-16T09:00:00+00:00,620.0,,1,0,1
2026-03-15 14:00:00,2026-03-16 14:00:00,2026-03-16T11:00:00+00:00,2026-03-16T10:00:00+00:00,700.0,,1,0,1
2026-03-15 15:00:00,2026-03-16 15:00:00,2026-03-16T12:00:00+00:00,2026-03-16T11:00:00+00:00,656.0,,1,0,1
2026-03-15 16:00:00,2026-03-16 16:00:00,2026-03-16T13:00:00+00:00,2026-03-16T12:00:00+00:00,559.0,,1,0,1
2026-03-15 17:00:00,2026-03-16 17:00:00,2026-03-16T14:00:00+00:00,2026-03-16T13:00:00+00:00,395.0,,1,0,1
2026-03-15 18:00:00,2026-03-16 18:00:00,2026-03-16T15:00:00+00:00,2026-03-16T14:00:00+00:00,206.0,,1,0,1
2026-03-15 19:00:00,2026-03-16 19:00:00,2026-03-16T16:00:00+00:00,2026-03-16T15:00:00+00:00,47.0,,1,0,1
2026-03-15 20:00:00,2026-03-16 20:00:00,2026-03-16T17:00:00+00:00,2026-03-16T16:00:00+00:00,0.0,,1,0,1
2026-03-15 21:00:00,2026-03-16 21:00:00,2026-03-16T18:00:00+00:00,2026-03-16T17:00:00+00:00,0.0,,1,0,1
2026-03-15 22:00:00,2026-03-16 22:00:00,2026-03-16T19:00:00+00:00,2026-03-16T18:00:00+00:00,0.0,,1,0,1
2026-03-15 23:00:00,2026-03-16 23:00:00,2026-03-16T20:00:00+00:00,2026-03-16T19:00:00+00:00,0.0,,1,0,1
2026-03-16 00:00:00,2026-03-17 00:00:00,2026-03-16T21:00:00+00:00,2026-03-16T20:00:00+00:00,0.0,,1,0,1
2026-03-16 01:00:00,2026-03-17 01:00:00,2026-03-16T22:00:00+00:00,2026-03-16T21:00:00+00:00,0.0,,1,0,1
2026-03-16 02:00:00,2026-03-17 02:00:00,2026-03-16T23:00:00+00:00,2026-03-16T22:00:00+00:00,0.0,,1,0,1
2026-03-16 03:00:00,2026-03-17 03:00:00,2026-03-17T00:00:00+00:00,2026-03-16T23:00:00+00:00,0.0,,1,0,1
2026-03-16 04:00:00,2026-03-17 04:00:00,2026-03-17T01:00:00+00:00,2026-03-17T00:00:00+00:00,0.0,,1,0,1
2026-03-16 05:00:00,2026-03-17 05:00:00,2026-03-17T02:00:00+00:00,2026-03-17T01:00:00+00:00,0.0,,1,0,1
2026-03-16 06:00:00,2026-03-17 06:00:00,2026-03-17T03:00:00+00:00,2026-03-17T02:00:00+00:00,0.0,,1,0,1
2026-03-16 07:00:00,2026-03-17 07:00:00,2026-03-17T04:00:00+00:00,2026-03-17T03:00:00+00:00,0.0,,1,0,1
2026-03-16 08:00:00,2026-03-17 08:00:00,2026-03-17T05:00:00+00:00,2026-03-17T04:00:00+00:00,50.0,,1,0,1
2026-03-16 09:00:00,2026-03-17 09:00:00,2026-03-17T06:00:00+00:00,2026-03-17T05:00:00+00:00,230.0,,1,0,1
2026-03-16 10:00:00,2026-03-17 10:00:00,2026-03-17T07:00:00+00:00,2026-03-17T06:00:00+00:00,443.0,,1,0,1
2026-03-16 11:00:00,2026-03-17 11:00:00,2026-03-17T08:00:00+00:00,2026-03-17T07:00:00+00:00,623.0,,1,0,1
2026-03-16 12:00:00,2026-03-17 12:00:00,2026-03-17T09:00:00+00:00,2026-03-17T08:00:00+00:00,752.0,,1,0,1
2026-03-16 13:00:00,2026-03-17 13:00:00,2026-03-17T10:00:00+00:00,2026-03-17T09:00:00+00:00,810.0,,1,0,1
2026-03-16 14:00:00,2026-03-17 14:00:00,2026-03-17T11:00:00+00:00,2026-03-17T10:00:00+00:00,795.0,,1,0,1
2026-03-16 15:00:00,2026-03-17 15:00:00,2026-03-17T12:00:00+00:00,2026-03-17T11:00:00+00:00,695.0,,1,0,1
2026-03-16 16:00:00,2026-03-17 16:00:00,2026-03-17T13:00:00+00:00,2026-03-17T12:00:00+00:00,584.0,,1,0,1
2026-03-16 17:00:00,2026-03-17 17:00:00,2026-03-17T14:00:00+00:00,2026-03-17T13:00:00+00:00,401.0,,1,0,1
2026-03-16 18:00:00,2026-03-17 18:00:00,2026-03-17T15:00:00+00:00,2026-03-17T14:00:00+00:00,199.0,,1,0,1
2026-03-16 19:00:00,2026-03-17 19:00:00,2026-03-17T16:00:00+00:00,2026-03-17T15:00:00+00:00,49.0,,1,0,1
2026-03-16 20:00:00,2026-03-17 20:00:00,2026-03-17T17:00:00+00:00,2026-03-17T16:00:00+00:00,0.0,,1,0,1
2026-03-16 21:00:00,2026-03-17 21:00:00,2026-03-17T18:00:00+00:00,2026-03-17T17:00:00+00:00,0.0,,1,0,1
2026-03-16 22:00:00,2026-03-17 22:00:00,2026-03-17T19:00:00+00:00,2026-03-17T18:00:00+00:00,0.0,,1,0,1
2026-03-16 23:00:00,2026-03-17 23:00:00,2026-03-17T20:00:00+00:00,2026-03-17T19:00:00+00:00,0.0,,1,0,1
2026-03-17 00:00:00,2026-03-18 00:00:00,2026-03-17T21:00:00+00:00,2026-03-17T20:00:00+00:00,0.0,,1,0,1
2026-03-17 01:00:00,2026-03-18 01:00:00,2026-03-17T22:00:00+00:00,2026-03-17T21:00:00+00:00,0.0,,1,0,1
2026-03-17 02:00:00,2026-03-18 02:00:00,2026-03-17T23:00:00+00:00,2026-03-17T22:00:00+00:00,0.0,,1,0,1
2026-03-17 03:00:00,2026-03-18 03:00:00,2026-03-18T00:00:00+00:00,2026-03-17T23:00:00+00:00,0.0,,1,0,1
2026-03-17 04:00:00,2026-03-18 04:00:00,2026-03-18T01:00:00+00:00,2026-03-18T00:00:00+00:00,0.0,,1,0,1
2026-03-17 05:00:00,2026-03-18 05:00:00,2026-03-18T02:00:00+00:00,2026-03-18T01:00:00+00:00,0.0,,1,0,1
2026-03-17 06:00:00,2026-03-18 06:00:00,2026-03-18T03:00:00+00:00,2026-03-18T02:00:00+00:00,0.0,,1,0,1
2026-03-17 07:00:00,2026-03-18 07:00:00,2026-03-18T04:00:00+00:00,2026-03-18T03:00:00+00:00,0.0,,1,0,1
2026-03-17 08:00:00,2026-03-18 08:00:00,2026-03-18T05:00:00+00:00,2026-03-18T04:00:00+00:00,22.0,,1,0,1
2026-03-17 09:00:00,2026-03-18 09:00:00,2026-03-18T06:00:00+00:00,2026-03-18T05:00:00+00:00,89.0,,1,0,1
2026-03-17 10:00:00,2026-03-18 10:00:00,2026-03-18T07:00:00+00:00,2026-03-18T06:00:00+00:00,247.0,,1,0,1
2026-03-17 11:00:00,2026-03-18 11:00:00,2026-03-18T08:00:00+00:00,2026-03-18T07:00:00+00:00,480.0,,1,0,1
2026-03-17 12:00:00,2026-03-18 12:00:00,2026-03-18T09:00:00+00:00,2026-03-18T08:00:00+00:00,594.0,,1,0,1
2026-03-17 13:00:00,2026-03-18 13:00:00,2026-03-18T10:00:00+00:00,2026-03-18T09:00:00+00:00,548.0,,1,0,1
2026-03-17 14:00:00,2026-03-18 14:00:00,2026-03-18T11:00:00+00:00,2026-03-18T10:00:00+00:00,388.0,,1,0,1
2026-03-17 15:00:00,2026-03-18 15:00:00,2026-03-18T12:00:00+00:00,2026-03-18T11:00:00+00:00,450.0,,1,0,1
2026-03-17 16:00:00,2026-03-18 16:00:00,2026-03-18T13:00:00+00:00,2026-03-18T12:00:00+00:00,397.0,,1,0,1
2026-03-17 17:00:00,2026-03-18 17:00:00,2026-03-18T14:00:00+00:00,2026-03-18T13:00:00+00:00,225.0,,1,0,1
2026-03-17 18:00:00,2026-03-18 18:00:00,2026-03-18T15:00:00+00:00,2026-03-18T14:00:00+00:00,75.0,,1,0,1
2026-03-17 19:00:00,2026-03-18 19:00:00,2026-03-18T16:00:00+00:00,2026-03-18T15:00:00+00:00,22.0,,1,0,1
2026-03-17 20:00:00,2026-03-18 20:00:00,2026-03-18T17:00:00+00:00,2026-03-18T16:00:00+00:00,0.0,,1,0,1
2026-03-17 21:00:00,2026-03-18 21:00:00,2026-03-18T18:00:00+00:00,2026-03-18T17:00:00+00:00,0.0,,1,0,1
2026-03-17 22:00:00,2026-03-18 22:00:00,2026-03-18T19:00:00+00:00,2026-03-18T18:00:00+00:00,0.0,,1,0,1
2026-03-17 23:00:00,2026-03-18 23:00:00,2026-03-18T20:00:00+00:00,2026-03-18T19:00:00+00:00,0.0,,1,0,1
2026-03-18 00:00:00,2026-03-19 00:00:00,2026-03-18T21:00:00+00:00,2026-03-18T20:00:00+00:00,0.0,,1,0,1
2026-03-18 01:00:00,2026-03-19 01:00:00,2026-03-18T22:00:00+00:00,2026-03-18T21:00:00+00:00,0.0,,1,0,1
2026-03-18 02:00:00,2026-03-19 02:00:00,2026-03-18T23:00:00+00:00,2026-03-18T22:00:00+00:00,0.0,,1,0,1
2026-03-18 03:00:00,2026-03-19 03:00:00,2026-03-19T00:00:00+00:00,2026-03-18T23:00:00+00:00,0.0,,1,0,1
2026-03-30 03:00:00,2026-03-31 03:00:00,2026-03-31T00:00:00+00:00,2026-03-30T23:00:00+00:00,0.0,,1,0,1
2026-03-30 04:00:00,2026-03-31 04:00:00,2026-03-31T01:00:00+00:00,2026-03-31T00:00:00+00:00,0.0,,1,0,1
2026-03-30 05:00:00,2026-03-31 05:00:00,2026-03-31T02:00:00+00:00,2026-03-31T01:00:00+00:00,0.0,,1,0,1
2026-03-30 06:00:00,2026-03-31 06:00:00,2026-03-31T03:00:00+00:00,2026-03-31T02:00:00+00:00,0.0,,1,0,1
2026-03-30 07:00:00,2026-03-31 07:00:00,2026-03-31T04:00:00+00:00,2026-03-31T03:00:00+00:00,3.0,,1,0,1
2026-03-30 08:00:00,2026-03-31 08:00:00,2026-03-31T05:00:00+00:00,2026-03-31T04:00:00+00:00,94.0,,1,0,1
2026-03-30 09:00:00,2026-03-31 09:00:00,2026-03-31T06:00:00+00:00,2026-03-31T05:00:00+00:00,269.0,,1,0,1
2026-03-30 10:00:00,2026-03-31 10:00:00,2026-03-31T07:00:00+00:00,2026-03-31T06:00:00+00:00,476.0,,1,0,1
2026-03-30 11:00:00,2026-03-31 11:00:00,2026-03-31T08:00:00+00:00,2026-03-31T07:00:00+00:00,618.0,,1,0,1
2026-03-30 12:00:00,2026-03-31 12:00:00,2026-03-31T09:00:00+00:00,2026-03-31T08:00:00+00:00,721.0,,1,0,1
2026-03-30 13:00:00,2026-03-31 13:00:00,2026-03-31T10:00:00+00:00,2026-03-31T09:00:00+00:00,791.0,,1,0,1
2026-03-30 14:00:00,2026-03-31 14:00:00,2026-03-31T11:00:00+00:00,2026-03-31T10:00:00+00:00,821.0,,1,0,1
2026-03-30 15:00:00,2026-03-31 15:00:00,2026-03-31T12:00:00+00:00,2026-03-31T11:00:00+00:00,785.0,,1,0,1
2026-03-30 16:00:00,2026-03-31 16:00:00,2026-03-31T13:00:00+00:00,2026-03-31T12:00:00+00:00,653.0,,1,0,1
2026-03-30 17:00:00,2026-03-31 17:00:00,2026-03-31T14:00:00+00:00,2026-03-31T13:00:00+00:00,470.0,,1,0,1
2026-03-30 18:00:00,2026-03-31 18:00:00,2026-03-31T15:00:00+00:00,2026-03-31T14:00:00+00:00,255.0,,1,0,1
2026-03-30 19:00:00,2026-03-31 19:00:00,2026-03-31T16:00:00+00:00,2026-03-31T15:00:00+00:00,73.0,,1,0,1
2026-03-30 20:00:00,2026-03-31 20:00:00,2026-03-31T17:00:00+00:00,2026-03-31T16:00:00+00:00,0.0,,1,0,1
2026-03-30 21:00:00,2026-03-31 21:00:00,2026-03-31T18:00:00+00:00,2026-03-31T17:00:00+00:00,0.0,,1,0,1
2026-03-30 22:00:00,2026-03-31 22:00:00,2026-03-31T19:00:00+00:00,2026-03-31T18:00:00+00:00,0.0,,1,0,1
2026-03-30 23:00:00,2026-03-31 23:00:00,2026-03-31T20:00:00+00:00,2026-03-31T19:00:00+00:00,0.0,,1,0,1
2026-03-31 00:00:00,2026-04-01 00:00:00,2026-03-31T21:00:00+00:00,2026-03-31T20:00:00+00:00,0.0,,1,0,1
2026-03-31 01:00:00,2026-04-01 01:00:00,2026-03-31T22:00:00+00:00,2026-03-31T21:00:00+00:00,0.0,,1,0,1
2026-03-31 02:00:00,2026-04-01 02:00:00,2026-03-31T23:00:00+00:00,2026-03-31T22:00:00+00:00,0.0,,1,0,1
2026-03-31 03:00:00,2026-04-01 03:00:00,2026-04-01T00:00:00+00:00,2026-03-31T23:00:00+00:00,0.0,,1,0,1
2026-06-30 03:00:00,2026-07-01 03:00:00,2026-07-01T00:00:00+00:00,2026-06-30T23:00:00+00:00,0.0,,1,0,0
2026-06-30 04:00:00,2026-07-01 04:00:00,2026-07-01T01:00:00+00:00,2026-07-01T00:00:00+00:00,0.0,,1,0,0
2026-06-30 05:00:00,2026-07-01 05:00:00,2026-07-01T02:00:00+00:00,2026-07-01T01:00:00+00:00,0.0,,1,0,0
2026-06-30 06:00:00,2026-07-01 06:00:00,2026-07-01T03:00:00+00:00,2026-07-01T02:00:00+00:00,2.0,,1,0,0
2026-06-30 07:00:00,2026-07-01 07:00:00,2026-07-01T04:00:00+00:00,2026-07-01T03:00:00+00:00,92.0,,1,0,0
2026-06-30 08:00:00,2026-07-01 08:00:00,2026-07-01T05:00:00+00:00,2026-07-01T04:00:00+00:00,276.0,,1,0,0
2026-06-30 09:00:00,2026-07-01 09:00:00,2026-07-01T06:00:00+00:00,2026-07-01T05:00:00+00:00,479.0,,1,0,0
2026-06-30 10:00:00,2026-07-01 10:00:00,2026-07-01T07:00:00+00:00,2026-07-01T06:00:00+00:00,670.0,,1,0,0
2026-06-30 11:00:00,2026-07-01 11:00:00,2026-07-01T08:00:00+00:00,2026-07-01T07:00:00+00:00,829.0,,1,0,0
2026-06-30 12:00:00,2026-07-01 12:00:00,2026-07-01T09:00:00+00:00,2026-07-01T08:00:00+00:00,939.0,,1,0,0
2026-06-30 13:00:00,2026-07-01 13:00:00,2026-07-01T10:00:00+00:00,2026-07-01T09:00:00+00:00,992.0,,1,0,0
2026-06-30 14:00:00,2026-07-01 14:00:00,2026-07-01T11:00:00+00:00,2026-07-01T10:00:00+00:00,986.0,,1,0,0
2026-06-30 15:00:00,2026-07-01 15:00:00,2026-07-01T12:00:00+00:00,2026-07-01T11:00:00+00:00,920.0,,1,0,0
2026-06-30 16:00:00,2026-07-01 16:00:00,2026-07-01T13:00:00+00:00,2026-07-01T12:00:00+00:00,799.0,,1,0,0
2026-06-30 17:00:00,2026-07-01 17:00:00,2026-07-01T14:00:00+00:00,2026-07-01T13:00:00+00:00,636.0,,1,0,0
2026-06-30 18:00:00,2026-07-01 18:00:00,2026-07-01T15:00:00+00:00,2026-07-01T14:00:00+00:00,443.0,,1,0,0
2026-06-30 19:00:00,2026-07-01 19:00:00,2026-07-01T16:00:00+00:00,2026-07-01T15:00:00+00:00,240.0,,1,0,0
2026-06-30 20:00:00,2026-07-01 20:00:00,2026-07-01T17:00:00+00:00,2026-07-01T16:00:00+00:00,64.0,,1,0,0
2026-06-30 21:00:00,2026-07-01 21:00:00,2026-07-01T18:00:00+00:00,2026-07-01T17:00:00+00:00,0.0,,1,0,0
2026-06-30 22:00:00,2026-07-01 22:00:00,2026-07-01T19:00:00+00:00,2026-07-01T18:00:00+00:00,0.0,,1,0,0
2026-06-30 23:00:00,2026-07-01 23:00:00,2026-07-01T20:00:00+00:00,2026-07-01T19:00:00+00:00,0.0,,1,0,0
2026-07-01 00:00:00,2026-07-02 00:00:00,2026-07-01T21:00:00+00:00,2026-07-01T20:00:00+00:00,0.0,,1,0,0
2026-07-01 01:00:00,2026-07-02 01:00:00,2026-07-01T22:00:00+00:00,2026-07-01T21:00:00+00:00,0.0,,1,0,0
2026-07-01 02:00:00,2026-07-02 02:00:00,2026-07-01T23:00:00+00:00,2026-07-01T22:00:00+00:00,0.0,,1,0,0
2026-07-01 03:00:00,2026-07-02 03:00:00,2026-07-02T00:00:00+00:00,2026-07-01T23:00:00+00:00,0.0,,1,0,0
2026-07-19 03:00:00,2026-07-20 03:00:00,2026-07-20T00:00:00+00:00,2026-07-19T23:00:00+00:00,0.0,,1,0,0
2026-07-19 04:00:00,2026-07-20 04:00:00,2026-07-20T01:00:00+00:00,2026-07-20T00:00:00+00:00,0.0,,1,0,0
2026-07-19 05:00:00,2026-07-20 05:00:00,2026-07-20T02:00:00+00:00,2026-07-20T01:00:00+00:00,0.0,,1,0,0
2026-07-19 06:00:00,2026-07-20 06:00:00,2026-07-20T03:00:00+00:00,2026-07-20T02:00:00+00:00,0.0,,1,0,0
2026-07-19 07:00:00,2026-07-20 07:00:00,2026-07-20T04:00:00+00:00,2026-07-20T03:00:00+00:00,69.0,,1,0,0
2026-07-19 08:00:00,2026-07-20 08:00:00,2026-07-20T05:00:00+00:00,2026-07-20T04:00:00+00:00,249.0,,1,0,0
2026-07-19 09:00:00,2026-07-20 09:00:00,2026-07-20T06:00:00+00:00,2026-07-20T05:00:00+00:00,453.0,,1,0,0
2026-07-19 10:00:00,2026-07-20 10:00:00,2026-07-20T07:00:00+00:00,2026-07-20T06:00:00+00:00,644.0,,1,0,0
2026-07-19 11:00:00,2026-07-20 11:00:00,2026-07-20T08:00:00+00:00,2026-07-20T07:00:00+00:00,803.0,,1,0,0
2026-07-19 12:00:00,2026-07-20 12:00:00,2026-07-20T09:00:00+00:00,2026-07-20T08:00:00+00:00,914.0,,1,0,0
2026-07-19 13:00:00,2026-07-20 13:00:00,2026-07-20T10:00:00+00:00,2026-07-20T09:00:00+00:00,968.0,,1,0,0
2026-07-19 14:00:00,2026-07-20 14:00:00,2026-07-20T11:00:00+00:00,2026-07-20T10:00:00+00:00,952.0,,1,0,0
2026-07-19 15:00:00,2026-07-20 15:00:00,2026-07-20T12:00:00+00:00,2026-07-20T11:00:00+00:00,895.0,,1,0,0
2026-07-19 16:00:00,2026-07-20 16:00:00,2026-07-20T13:00:00+00:00,2026-07-20T12:00:00+00:00,777.0,,1,0,0
2026-07-19 17:00:00,2026-07-20 17:00:00,2026-07-20T14:00:00+00:00,2026-07-20T13:00:00+00:00,614.0,,1,0,0
2026-07-19 18:00:00,2026-07-20 18:00:00,2026-07-20T15:00:00+00:00,2026-07-20T14:00:00+00:00,426.0,,1,0,0
2026-07-19 19:00:00,2026-07-20 19:00:00,2026-07-20T16:00:00+00:00,2026-07-20T15:00:00+00:00,223.0,,1,0,0
2026-07-19 20:00:00,2026-07-20 20:00:00,2026-07-20T17:00:00+00:00,2026-07-20T16:00:00+00:00,52.0,,1,0,0
2026-07-19 21:00:00,2026-07-20 21:00:00,2026-07-20T18:00:00+00:00,2026-07-20T17:00:00+00:00,0.0,,1,0,0
2026-07-19 22:00:00,2026-07-20 22:00:00,2026-07-20T19:00:00+00:00,2026-07-20T18:00:00+00:00,0.0,,1,0,0
2026-07-19 23:00:00,2026-07-20 23:00:00,2026-07-20T20:00:00+00:00,2026-07-20T19:00:00+00:00,0.0,,1,0,0
2026-07-20 00:00:00,2026-07-21 00:00:00,2026-07-20T21:00:00+00:00,2026-07-20T20:00:00+00:00,0.0,,1,0,0
2026-07-20 01:00:00,2026-07-21 01:00:00,2026-07-20T22:00:00+00:00,2026-07-20T21:00:00+00:00,0.0,,1,0,0
2026-07-20 02:00:00,2026-07-21 02:00:00,2026-07-20T23:00:00+00:00,2026-07-20T22:00:00+00:00,0.0,,1,0,0
2026-07-20 03:00:00,2026-07-21 03:00:00,2026-07-21T00:00:00+00:00,2026-07-20T23:00:00+00:00,0.0,,1,0,0
