target_set,interval_start_utc,valid_time_utc,start_lead_seconds,valid_time_lead_seconds,method,status,point_w_m2,probability,predicted_positive,interval_low_w_m2,interval_high_w_m2
primary,2026-10-05T09:00:00.000000+00:00,2026-10-05T10:00:00.000000+00:00,86469.260302,90069.260302,nwp_live,known,747.0,1.0,1,,
primary,2026-10-05T09:00:00.000000+00:00,2026-10-05T10:00:00.000000+00:00,86469.260302,90069.260302,analogue_raw,known,749.5,0.984375,1,674.75,808.85
primary,2026-10-05T09:00:00.000000+00:00,2026-10-05T10:00:00.000000+00:00,86469.260302,90069.260302,analogue_solar,known,749.5045750491068,0.984375,1,666.645361400384,803.4875465901126
primary,2026-10-05T10:00:00.000000+00:00,2026-10-05T11:00:00.000000+00:00,90069.260302,93669.260302,nwp_live,known,718.0,1.0,1,,
primary,2026-10-05T10:00:00.000000+00:00,2026-10-05T11:00:00.000000+00:00,90069.260302,93669.260302,analogue_raw,known,722.0,0.96875,1,634.75,764.4
primary,2026-10-05T10:00:00.000000+00:00,2026-10-05T11:00:00.000000+00:00,90069.260302,93669.260302,analogue_solar,known,722.2015401906549,0.96875,1,616.1928575563725,765.3043114928801
primary,2026-10-05T11:00:00.000000+00:00,2026-10-05T12:00:00.000000+00:00,93669.260302,97269.260302,nwp_live,known,635.0,1.0,1,,
primary,2026-10-05T11:00:00.000000+00:00,2026-10-05T12:00:00.000000+00:00,93669.260302,97269.260302,analogue_raw,known,640.0,0.953125,1,604.3,667.85
primary,2026-10-05T11:00:00.000000+00:00,2026-10-05T12:00:00.000000+00:00,93669.260302,97269.260302,analogue_solar,known,640.0571731201461,0.953125,1,606.7708597419081,668.6230812360516
primary,2026-10-05T12:00:00.000000+00:00,2026-10-05T13:00:00.000000+00:00,97269.260302,100869.260302,nwp_live,known,503.0,0.0,0,,
primary,2026-10-05T12:00:00.000000+00:00,2026-10-05T13:00:00.000000+00:00,97269.260302,100869.260302,analogue_raw,known,507.5,0.0,0,461.75,528.7
primary,2026-10-05T12:00:00.000000+00:00,2026-10-05T13:00:00.000000+00:00,97269.260302,100869.260302,analogue_solar,known,507.0372632487015,0.0,0,463.1865531164823,529.0475348698008
primary,2026-10-05T13:00:00.000000+00:00,2026-10-05T14:00:00.000000+00:00,100869.260302,104469.260302,nwp_live,known,331.0,0.0,0,,
primary,2026-10-05T13:00:00.000000+00:00,2026-10-05T14:00:00.000000+00:00,100869.260302,104469.260302,analogue_raw,known,326.0,0.0,0,283.0,336.0
primary,2026-10-05T13:00:00.000000+00:00,2026-10-05T14:00:00.000000+00:00,100869.260302,104469.260302,analogue_solar,known,325.77003618599133,0.0,0,289.6094018266354,336.3887595848527
primary,2026-10-05T14:00:00.000000+00:00,2026-10-05T15:00:00.000000+00:00,104469.260302,108069.260302,nwp_live,known,143.0,0.0,0,,
primary,2026-10-05T14:00:00.000000+00:00,2026-10-05T15:00:00.000000+00:00,104469.260302,108069.260302,analogue_raw,known,133.5,0.0,0,115.3,142.0
primary,2026-10-05T14:00:00.000000+00:00,2026-10-05T15:00:00.000000+00:00,104469.260302,108069.260302,analogue_solar,known,134.322517268873,0.0,0,105.90332919648361,142.2927338852731
primary,2026-10-05T15:00:00.000000+00:00,2026-10-05T16:00:00.000000+00:00,108069.260302,111669.260302,nwp_live,known,11.0,0.0,0,,
primary,2026-10-05T15:00:00.000000+00:00,2026-10-05T16:00:00.000000+00:00,108069.260302,111669.260302,analogue_raw,known,9.0,0.0,0,7.0,11.0
primary,2026-10-05T15:00:00.000000+00:00,2026-10-05T16:00:00.000000+00:00,108069.260302,111669.260302,analogue_solar,known,9.0,0.0,0,7.0,11.0
primary,2026-10-05T16:00:00.000000+00:00,2026-10-05T17:00:00.000000+00:00,111669.260302,115269.260302,nwp_live,known,0.0,0.0,0,,
primary,2026-10-05T16:00:00.000000+00:00,2026-10-05T17:00:00.000000+00:00,111669.260302,115269.260302,analogue_raw,known,0.0,0.0,0,0.0,0.0
primary,2026-10-05T16:00:00.000000+00:00,2026-10-05T17:00:00.000000+00:00,111669.260302,115269.260302,analogue_solar,known,0.0,0.0,0,0.0,0.0
primary,2026-10-05T17:00:00.000000+00:00,2026-10-05T18:00:00.000000+00:00,115269.260302,118869.260302,nwp_live,known,0.0,0.0,0,,
primary,2026-10-05T17:00:00.000000+00:00,2026-10-05T18:00:00.000000+00:00,115269.260302,118869.260302,analogue_raw,known,0.0,0.0,0,0.0,0.0
primary,2026-10-05T17:00:00.000000+00:00,2026-10-05T18:00:00.000000+00:00,115269.260302,118869.260302,analogue_solar,known,0.0,0.0,0,0.0,0.0
primary,2026-10-05T18:00:00.000000+00:00,2026-10-05T19:00:00.000000+00:00,118869.260302,122469.260302,nwp_live,known,0.0,0.0,0,,
primary,2026-10-05T18:00:00.000000+00:00,2026-10-05T19:00:00.000000+00:00,118869.260302,122469.260302,analogue_raw,known,0.0,0.0,0,0.0,0.0
primary,2026-10-05T18:00:00.000000+00:00,2026-10-05T19:00:00.000000+00:00,118869.260302,122469.260302,analogue_solar,known,0.0,0.0,0,0.0,0.0
primary,2026-10-05T19:00:00.000000+00:00,2026-10-05T20:00:00.000000+00:00,122469.260302,126069.260302,nwp_live,known,0.0,0.0,0,,
primary,2026-10-05T19:00:00.000000+00:00,2026-10-05T20:00:00.000000+00:00,122469.260302,126069.260302,analogue_raw,known,0.0,0.0,0,0.0,0.0
primary,2026-10-05T19:00:00.000000+00:00,2026-10-05T20:00:00.000000+00:00,122469.260302,126069.260302,analogue_solar,known,0.0,0.0,0,0.0,0.0
primary,2026-10-05T20:00:00.000000+00:00,2026-10-05T21:00:00.000000+00:00,126069.260302,129669.260302,nwp_live,known,0.0,0.0,0,,
primary,2026-10-05T20:00:00.000000+00:00,2026-10-05T21:00:00.000000+00:00,126069.260302,129669.260302,analogue_raw,known,0.0,0.0,0,0.0,0.0
primary,2026-10-05T20:00:00.000000+00:00,2026-10-05T21:00:00.000000+00:00,126069.260302,129669.260302,analogue_solar,known,0.0,0.0,0,0.0,0.0
primary,2026-10-05T21:00:00.000000+00:00,2026-10-05T22:00:00.000000+00:00,129669.260302,133269.260302,nwp_live,known,0.0,0.0,0,,
primary,2026-10-05T21:00:00.000000+00:00,2026-10-05T22:00:00.000000+00:00,129669.260302,133269.260302,analogue_raw,known,0.0,0.0,0,0.0,0.0
primary,2026-10-05T21:00:00.000000+00:00,2026-10-05T22:00:00.000000+00:00,129669.260302,133269.260302,analogue_solar,known,0.0,0.0,0,0.0,0.0
primary,2026-10-05T22:00:00.000000+00:00,2026-10-05T23:00:00.000000+00:00,133269.260302,136869.260302,nwp_live,known,0.0,0.0,0,,
primary,2026-10-05T22:00:00.000000+00:00,2026-10-05T23:00:00.000000+00:00,133269.260302,136869.260302,analogue_raw,known,0.0,0.0,0,0.0,0.0
primary,2026-10-05T22:00:00.000000+00:00,2026-10-05T23:00:00.000000+00:00,133269.260302,136869.260302,analogue_solar,known,0.0,0.0,0,0.0,0.0
primary,2026-10-05T23:00:00.000000+00:00,2026-10-06T00:00:00.000000+00:00,136869.260302,140469.260302,nwp_live,known,0.0,0.0,0,,
primary,2026-10-05T23:00:00.000000+00:00,2026-10-06T00:00:00.000000+00:00,136869.260302,140469.260302,analogue_raw,known,0.0,0.0,0,0.0,0.0
primary,2026-10-05T23:00:00.000000+00:00,2026-10-06T00:00:00.000000+00:00,136869.260302,140469.260302,analogue_solar,known,0.0,0.0,0,0.0,0.0
primary,2026-10-06T00:00:00.000000+00:00,2026-10-06T01:00:00.000000+00:00,140469.260302,144069.260302,nwp_live,known,0.0,0.0,0,,
primary,2026-10-06T00:00:00.000000+00:00,2026-10-06T01:00:00.000000+00:00,140469.260302,144069.260302,analogue_raw,known,0.0,0.0,0,0.0,0.0
primary,2026-10-06T00:00:00.000000+00:00,2026-10-06T01:00:00.000000+00:00,140469.260302,144069.260302,analogue_solar,known,0.0,0.0,0,0.0,0.0
primary,2026-10-06T01:00:00.000000+00:00,2026-10-06T02:00:00.000000+00:00,144069.260302,147669.260302,nwp_live,known,0.0,0.0,0,,
primary,2026-10-06T01:00:00.000000+00:00,2026-10-06T02:00:00.000000+00:00,144069.260302,147669.260302,analogue_raw,known,0.0,0.0,0,0.0,0.0
primary,2026-10-06T01:00:00.000000+00:00,2026-10-06T02:00:00.000000+00:00,144069.260302,147669.260302,analogue_solar,known,0.0,0.0,0,0.0,0.0
primary,2026-10-06T02:00:00.000000+00:00,2026-10-06T03:00:00.000000+00:00,147669.260302,151269.260302,nwp_live,known,0.0,0.0,0,,
primary,2026-10-06T02:00:00.000000+00:00,2026-10-06T03:00:00.000000+00:00,147669.260302,151269.260302,analogue_raw,known,0.0,0.0,0,0.0,0.0
primary,2026-10-06T02:00:00.000000+00:00,2026-10-06T03:00:00.000000+00:00,147669.260302,151269.260302,analogue_solar,known,0.0,0.0,0,0.0,0.0
primary,2026-10-06T03:00:00.000000+00:00,2026-10-06T04:00:00.000000+00:00,151269.260302,154869.260302,nwp_live,known,1.0,0.0,0,,
primary,2026-10-06T03:00:00.000000+00:00,2026-10-06T04:00:00.000000+00:00,151269.260302,154869.260302,analogue_raw,known,1.0,0.0,0,0.0,1.0
primary,2026-10-06T03:00:00.000000+00:00,2026-10-06T04:00:00.000000+00:00,151269.260302,154869.260302,analogue_solar,known,1.0,0.0,0,0.0,1.0
primary,2026-10-06T04:00:00.000000+00:00,2026-10-06T05:00:00.000000+00:00,154869.260302,158469.260302,nwp_live,known,94.0,0.0,0,,
primary,2026-10-06T04:00:00.000000+00:00,2026-10-06T05:00:00.000000+00:00,154869.260302,158469.260302,analogue_raw,known,80.5,0.0,0,58.45,100.69999999999999
primary,2026-10-06T04:00:00.000000+00:00,2026-10-06T05:00:00.000000+00:00,154869.260302,158469.260302,analogue_solar,known,84.37216185208666,0.0,0,64.72335729716342,98.3746078170819
primary,2026-10-06T05:00:00.000000+00:00,2026-10-06T06:00:00.000000+00:00,158469.260302,162069.260302,nwp_live,known,257.0,0.0,0,,
primary,2026-10-06T05:00:00.000000+00:00,2026-10-06T06:00:00.000000+00:00,158469.260302,162069.260302,analogue_raw,known,254.5,0.0,0,235.0,286.7
primary,2026-10-06T05:00:00.000000+00:00,2026-10-06T06:00:00.000000+00:00,158469.260302,162069.260302,analogue_solar,known,254.4379964792878,0.0,0,232.9681306718601,282.9148951287113
primary,2026-10-06T06:00:00.000000+00:00,2026-10-06T07:00:00.000000+00:00,162069.260302,165669.260302,nwp_live,known,437.0,0.0,0,,
primary,2026-10-06T06:00:00.000000+00:00,2026-10-06T07:00:00.000000+00:00,162069.260302,165669.260302,analogue_raw,known,444.0,0.0,0,419.0,475.7
primary,2026-10-06T06:00:00.000000+00:00,2026-10-06T07:00:00.000000+00:00,162069.260302,165669.260302,analogue_solar,known,444.1099534572161,0.0,0,414.6826671138009,475.73491090735797
primary,2026-10-06T07:00:00.000000+00:00,2026-10-06T08:00:00.000000+00:00,165669.260302,169269.260302,nwp_live,known,596.0,0.0,0,,
primary,2026-10-06T07:00:00.000000+00:00,2026-10-06T08:00:00.000000+00:00,165669.260302,169269.260302,analogue_raw,known,601.5,0.53125,1,516.5,645.7
primary,2026-10-06T07:00:00.000000+00:00,2026-10-06T08:00:00.000000+00:00,165669.260302,169269.260302,analogue_solar,known,601.4112175427038,0.546875,1,513.1514686685043,645.0602409131725
primary,2026-10-06T08:00:00.000000+00:00,2026-10-06T09:00:00.000000+00:00,169269.260302,172869.260302,nwp_live,known,692.0,1.0,1,,
primary,2026-10-06T08:00:00.000000+00:00,2026-10-06T09:00:00.000000+00:00,169269.260302,172869.260302,analogue_raw,known,698.0,0.9375,1,593.1,754.0999999999999
primary,2026-10-06T08:00:00.000000+00:00,2026-10-06T09:00:00.000000+00:00,169269.260302,172869.260302,analogue_solar,known,697.9478126322488,0.9375,1,585.7187505414602,754.4367869613341
secondary,2026-10-06T09:00:00.000000+00:00,2026-10-06T10:00:00.000000+00:00,172869.260302,176469.260302,nwp_live,known,721.0,1.0,1,,
secondary,2026-10-06T09:00:00.000000+00:00,2026-10-06T10:00:00.000000+00:00,172869.260302,176469.260302,analogue_raw,known,723.5,0.96875,1,655.55,793.3499999999999
secondary,2026-10-06T09:00:00.000000+00:00,2026-10-06T10:00:00.000000+00:00,172869.260302,176469.260302,analogue_solar,known,723.4908542080724,0.953125,1,651.5864631590499,788.4638723092702
secondary,2026-10-06T10:00:00.000000+00:00,2026-10-06T11:00:00.000000+00:00,176469.260302,180069.260302,nwp_live,known,689.0,1.0,1,,
secondary,2026-10-06T10:00:00.000000+00:00,2026-10-06T11:00:00.000000+00:00,176469.260302,180069.260302,analogue_raw,known,693.0,0.90625,1,571.15,747.7
secondary,2026-10-06T10:00:00.000000+00:00,2026-10-06T11:00:00.000000+00:00,176469.260302,180069.260302,analogue_solar,known,692.6998630950036,0.890625,1,566.8573744673661,743.8100037936283
secondary,2026-10-06T11:00:00.000000+00:00,2026-10-06T12:00:00.000000+00:00,180069.260302,183669.260302,nwp_live,known,608.0,1.0,1,,
secondary,2026-10-06T11:00:00.000000+00:00,2026-10-06T12:00:00.000000+00:00,180069.260302,183669.260302,analogue_raw,known,611.5,0.625,1,431.50000000000006,676.8
secondary,2026-10-06T11:00:00.000000+00:00,2026-10-06T12:00:00.000000+00:00,180069.260302,183669.260302,analogue_solar,known,611.5295667678031,0.640625,1,462.84772639750554,677.5110737306118
secondary,2026-10-06T12:00:00.000000+00:00,2026-10-06T13:00:00.000000+00:00,183669.260302,187269.260302,nwp_live,known,480.0,0.0,0,,
secondary,2026-10-06T12:00:00.000000+00:00,2026-10-06T13:00:00.000000+00:00,183669.260302,187269.260302,analogue_raw,known,482.0,0.0,0,440.6,526.1999999999999
secondary,2026-10-06T12:00:00.000000+00:00,2026-10-06T13:00:00.000000+00:00,183669.260302,187269.260302,analogue_solar,known,482.09394916719,0.0,0,443.8799594744628,526.1539802645964
secondary,2026-10-06T13:00:00.000000+00:00,2026-10-06T14:00:00.000000+00:00,187269.260302,190869.260302,nwp_live,known,310.0,0.0,0,,
secondary,2026-10-06T13:00:00.000000+00:00,2026-10-06T14:00:00.000000+00:00,187269.260302,190869.260302,analogue_raw,known,305.0,0.0,0,253.05,326.25
secondary,2026-10-06T13:00:00.000000+00:00,2026-10-06T14:00:00.000000+00:00,187269.260302,190869.260302,analogue_solar,known,304.464752318695,0.0,0,240.67555642311638,325.574702574116
secondary,2026-10-06T14:00:00.000000+00:00,2026-10-06T15:00:00.000000+00:00,190869.260302,194469.260302,nwp_live,known,126.0,0.0,0,,
secondary,2026-10-06T14:00:00.000000+00:00,2026-10-06T15:00:00.000000+00:00,190869.260302,194469.260302,analogue_raw,known,116.5,0.0,0,103.0,126.85
secondary,2026-10-06T14:00:00.000000+00:00,2026-10-06T15:00:00.000000+00:00,190869.260302,194469.260302,analogue_solar,known,117.54368108710099,0.0,0,89.78201887246861,126.85528483773923
secondary,2026-10-06T15:00:00.000000+00:00,2026-10-06T16:00:00.000000+00:00,194469.260302,198069.260302,nwp_live,known,8.0,0.0,0,,
secondary,2026-10-06T15:00:00.000000+00:00,2026-10-06T16:00:00.000000+00:00,194469.260302,198069.260302,analogue_raw,known,6.0,0.0,0,4.0,8.0
secondary,2026-10-06T15:00:00.000000+00:00,2026-10-06T16:00:00.000000+00:00,194469.260302,198069.260302,analogue_solar,known,6.0,0.0,0,4.0,8.0
secondary,2026-10-06T16:00:00.000000+00:00,2026-10-06T17:00:00.000000+00:00,198069.260302,201669.260302,nwp_live,known,0.0,0.0,0,,
secondary,2026-10-06T16:00:00.000000+00:00,2026-10-06T17:00:00.000000+00:00,198069.260302,201669.260302,analogue_raw,known,0.0,0.0,0,0.0,0.0
secondary,2026-10-06T16:00:00.000000+00:00,2026-10-06T17:00:00.000000+00:00,198069.260302,201669.260302,analogue_solar,known,0.0,0.0,0,0.0,0.0
secondary,2026-10-06T17:00:00.000000+00:00,2026-10-06T18:00:00.000000+00:00,201669.260302,205269.260302,nwp_live,known,0.0,0.0,0,,
secondary,2026-10-06T17:00:00.000000+00:00,2026-10-06T18:00:00.000000+00:00,201669.260302,205269.260302,analogue_raw,known,0.0,0.0,0,0.0,0.0
secondary,2026-10-06T17:00:00.000000+00:00,2026-10-06T18:00:00.000000+00:00,201669.260302,205269.260302,analogue_solar,known,0.0,0.0,0,0.0,0.0
secondary,2026-10-06T18:00:00.000000+00:00,2026-10-06T19:00:00.000000+00:00,205269.260302,208869.260302,nwp_live,known,0.0,0.0,0,,
secondary,2026-10-06T18:00:00.000000+00:00,2026-10-06T19:00:00.000000+00:00,205269.260302,208869.260302,analogue_raw,known,0.0,0.0,0,0.0,0.0
secondary,2026-10-06T18:00:00.000000+00:00,2026-10-06T19:00:00.000000+00:00,205269.260302,208869.260302,analogue_solar,known,0.0,0.0,0,0.0,0.0
secondary,2026-10-06T19:00:00.000000+00:00,2026-10-06T20:00:00.000000+00:00,208869.260302,212469.260302,nwp_live,known,0.0,0.0,0,,
secondary,2026-10-06T19:00:00.000000+00:00,2026-10-06T20:00:00.000000+00:00,208869.260302,212469.260302,analogue_raw,known,0.0,0.0,0,0.0,0.0
secondary,2026-10-06T19:00:00.000000+00:00,2026-10-06T20:00:00.000000+00:00,208869.260302,212469.260302,analogue_solar,known,0.0,0.0,0,0.0,0.0
secondary,2026-10-06T20:00:00.000000+00:00,2026-10-06T21:00:00.000000+00:00,212469.260302,216069.260302,nwp_live,known,0.0,0.0,0,,
secondary,2026-10-06T20:00:00.000000+00:00,2026-10-06T21:00:00.000000+00:00,212469.260302,216069.260302,analogue_raw,known,0.0,0.0,0,0.0,0.0
secondary,2026-10-06T20:00:00.000000+00:00,2026-10-06T21:00:00.000000+00:00,212469.260302,216069.260302,analogue_solar,known,0.0,0.0,0,0.0,0.0
secondary,2026-10-06T21:00:00.000000+00:00,2026-10-06T22:00:00.000000+00:00,216069.260302,219669.260302,nwp_live,known,0.0,0.0,0,,
secondary,2026-10-06T21:00:00.000000+00:00,2026-10-06T22:00:00.000000+00:00,216069.260302,219669.260302,analogue_raw,known,0.0,0.0,0,0.0,0.0
secondary,2026-10-06T21:00:00.000000+00:00,2026-10-06T22:00:00.000000+00:00,216069.260302,219669.260302,analogue_solar,known,0.0,0.0,0,0.0,0.0
secondary,2026-10-06T22:00:00.000000+00:00,2026-10-06T23:00:00.000000+00:00,219669.260302,223269.260302,nwp_live,known,0.0,0.0,0,,
secondary,2026-10-06T22:00:00.000000+00:00,2026-10-06T23:00:00.000000+00:00,219669.260302,223269.260302,analogue_raw,known,0.0,0.0,0,0.0,0.0
secondary,2026-10-06T22:00:00.000000+00:00,2026-10-06T23:00:00.000000+00:00,219669.260302,223269.260302,analogue_solar,known,0.0,0.0,0,0.0,0.0
secondary,2026-10-06T23:00:00.000000+00:00,2026-10-07T00:00:00.000000+00:00,223269.260302,226869.260302,nwp_live,known,0.0,0.0,0,,
secondary,2026-10-06T23:00:00.000000+00:00,2026-10-07T00:00:00.000000+00:00,223269.260302,226869.260302,analogue_raw,known,0.0,0.0,0,0.0,0.0
secondary,2026-10-06T23:00:00.000000+00:00,2026-10-07T00:00:00.000000+00:00,223269.260302,226869.260302,analogue_solar,known,0.0,0.0,0,0.0,0.0
secondary,2026-10-07T00:00:00.000000+00:00,2026-10-07T01:00:00.000000+00:00,226869.260302,230469.260302,nwp_live,known,0.0,0.0,0,,
secondary,2026-10-07T00:00:00.000000+00:00,2026-10-07T01:00:00.000000+00:00,226869.260302,230469.260302,analogue_raw,known,0.0,0.0,0,0.0,0.0
secondary,2026-10-07T00:00:00.000000+00:00,2026-10-07T01:00:00.000000+00:00,226869.260302,230469.260302,analogue_solar,known,0.0,0.0,0,0.0,0.0
secondary,2026-10-07T01:00:00.000000+00:00,2026-10-07T02:00:00.000000+00:00,230469.260302,234069.260302,nwp_live,known,0.0,0.0,0,,
secondary,2026-10-07T01:00:00.000000+00:00,2026-10-07T02:00:00.000000+00:00,230469.260302,234069.260302,analogue_raw,known,0.0,0.0,0,0.0,0.0
secondary,2026-10-07T01:00:00.000000+00:00,2026-10-07T02:00:00.000000+00:00,230469.260302,234069.260302,analogue_solar,known,0.0,0.0,0,0.0,0.0
secondary,2026-10-07T02:00:00.000000+00:00,2026-10-07T03:00:00.000000+00:00,234069.260302,237669.260302,nwp_live,known,0.0,0.0,0,,
secondary,2026-10-07T02:00:00.000000+00:00,2026-10-07T03:00:00.000000+00:00,234069.260302,237669.260302,analogue_raw,known,0.0,0.0,0,0.0,0.0
secondary,2026-10-07T02:00:00.000000+00:00,2026-10-07T03:00:00.000000+00:00,234069.260302,237669.260302,analogue_solar,known,0.0,0.0,0,0.0,0.0
secondary,2026-10-07T03:00:00.000000+00:00,2026-10-07T04:00:00.000000+00:00,237669.260302,241269.260302,nwp_live,known,1.0,0.0,0,,
secondary,2026-10-07T03:00:00.000000+00:00,2026-10-07T04:00:00.000000+00:00,237669.260302,241269.260302,analogue_raw,known,1.0,0.0,0,0.0,1.0
secondary,2026-10-07T03:00:00.000000+00:00,2026-10-07T04:00:00.000000+00:00,237669.260302,241269.260302,analogue_solar,known,1.0,0.0,0,0.0,1.0
secondary,2026-10-07T04:00:00.000000+00:00,2026-10-07T05:00:00.000000+00:00,241269.260302,244869.260302,nwp_live,known,99.0,0.0,0,,
secondary,2026-10-07T04:00:00.000000+00:00,2026-10-07T05:00:00.000000+00:00,241269.260302,244869.260302,analogue_raw,known,80.0,0.0,0,72.45,85.0
secondary,2026-10-07T04:00:00.000000+00:00,2026-10-07T05:00:00.000000+00:00,241269.260302,244869.260302,analogue_solar,known,83.14212510011065,0.0,0,74.34992871048604,88.91761583977387
secondary,2026-10-07T05:00:00.000000+00:00,2026-10-07T06:00:00.000000+00:00,244869.260302,248469.260302,nwp_live,known,269.0,0.0,0,,
secondary,2026-10-07T05:00:00.000000+00:00,2026-10-07T06:00:00.000000+00:00,244869.260302,248469.260302,analogue_raw,known,267.0,0.0,0,255.3,276.85
secondary,2026-10-07T05:00:00.000000+00:00,2026-10-07T06:00:00.000000+00:00,244869.260302,248469.260302,analogue_solar,known,266.9178129048902,0.0,0,254.791273068947,276.4566386151592
secondary,2026-10-07T06:00:00.000000+00:00,2026-10-07T07:00:00.000000+00:00,248469.260302,252069.260302,nwp_live,known,449.0,0.0,0,,
secondary,2026-10-07T06:00:00.000000+00:00,2026-10-07T07:00:00.000000+00:00,248469.260302,252069.260302,analogue_raw,known,455.5,0.0,0,413.45,472.4
secondary,2026-10-07T06:00:00.000000+00:00,2026-10-07T07:00:00.000000+00:00,248469.260302,252069.260302,analogue_solar,known,454.79321652905026,0.0,0,410.03449784482297,470.9684586580616
secondary,2026-10-07T07:00:00.000000+00:00,2026-10-07T08:00:00.000000+00:00,252069.260302,255669.260302,nwp_live,known,602.0,1.0,1,,
secondary,2026-10-07T07:00:00.000000+00:00,2026-10-07T08:00:00.000000+00:00,252069.260302,255669.260302,analogue_raw,known,606.0,0.671875,1,542.85,644.0
secondary,2026-10-07T07:00:00.000000+00:00,2026-10-07T08:00:00.000000+00:00,252069.260302,255669.260302,analogue_solar,known,605.990887462219,0.671875,1,554.7897921584848,644.1703547964407
secondary,2026-10-07T08:00:00.000000+00:00,2026-10-07T09:00:00.000000+00:00,255669.260302,259269.260302,nwp_live,known,686.0,1.0,1,,
secondary,2026-10-07T08:00:00.000000+00:00,2026-10-07T09:00:00.000000+00:00,255669.260302,259269.260302,analogue_raw,known,694.0,0.9375,1,600.65,756.0999999999999
secondary,2026-10-07T08:00:00.000000+00:00,2026-10-07T09:00:00.000000+00:00,255669.260302,259269.260302,analogue_solar,known,693.8818300231333,0.9375,1,598.581954421356,749.0890375315812
