split,method,hours,target_start,target_end,selected_on_validation,cutoff,score_unit,f1,precision,recall,tp,fp,fn,tn,default_f1,default_precision,default_recall,mae_w_m2,rmse_w_m2
validation,persistence,3566,2025-12-05 19:00:00,2026-05-03 08:00:00,False,600.0,W/m2,0.7973856209150327,0.7973856209150327,0.7973856209150327,244,62,62,3198,0.7973856209150327,0.7973856209150327,0.7973856209150327,32.469433538979246,80.09554375942383
validation,calibrated_persistence,3566,2025-12-05 19:00:00,2026-05-03 08:00:00,False,590.0,W/m2,0.8152866242038217,0.7950310559006211,0.8366013071895425,256,66,50,3194,0.7973856209150327,0.7973856209150327,0.7973856209150327,32.469433538979246,80.09554375942383
validation,purged_regression,3566,2025-12-05 19:00:00,2026-05-03 08:00:00,False,600.0,W/m2,0.8122977346278317,0.8044871794871795,0.8202614379084967,251,61,55,3199,0.8122977346278317,0.8044871794871795,0.8202614379084967,29.326001268818217,69.62671603200398
validation,direct_classifier,3566,2025-12-05 19:00:00,2026-05-03 08:00:00,True,0.33999999999999997,probability,0.8558823529411764,0.7780748663101604,0.9509803921568627,291,83,15,3177,0.8363636363636363,0.7796610169491526,0.9019607843137255,,
validation,history_classifier,3566,2025-12-05 19:00:00,2026-05-03 08:00:00,False,0.5499999999999999,probability,0.8540706605222734,0.8057971014492754,0.9084967320261438,278,67,28,3193,0.8484848484848485,0.7909604519774012,0.9150326797385621,,
validation,deep_classifier,3566,2025-12-05 19:00:00,2026-05-03 08:00:00,False,0.57,probability,0.7762430939226519,0.6722488038277512,0.9183006535947712,281,137,25,3123,0.7730398899587345,0.667458432304038,0.9183006535947712,,
validation,original_model,3566,2025-12-05 19:00:00,2026-05-03 08:00:00,False,600,W/m2,0.8006644518272426,0.8141891891891891,0.7875816993464052,241,55,65,3205,0.8006644518272426,0.8141891891891891,0.7875816993464052,29.33746861937588,69.65638278353492
test,persistence,3567,2026-05-03 09:00:00,2026-09-28 23:00:00,False,600.0,W/m2,0.9776674937965261,0.9800995024875622,0.9752475247524752,985,20,25,2537,0.9776674937965261,0.9800995024875622,0.9752475247524752,12.259321558732829,40.10747056849009
test,calibrated_persistence,3567,2026-05-03 09:00:00,2026-09-28 23:00:00,False,590.0,W/m2,0.9768586903003447,0.9715964740450539,0.9821782178217822,992,29,18,2528,0.9776674937965261,0.9800995024875622,0.9752475247524752,12.259321558732829,40.10747056849009
test,purged_regression,3567,2026-05-03 09:00:00,2026-09-28 23:00:00,False,600.0,W/m2,0.9680638722554891,0.9758551307847082,0.9603960396039604,970,24,40,2533,0.9680638722554891,0.9758551307847082,0.9603960396039604,13.70039440308944,41.67271811106226
test,direct_classifier,3567,2026-05-03 09:00:00,2026-09-28 23:00:00,True,0.33999999999999997,probability,0.9745347698334965,0.9641472868217055,0.9851485148514851,995,37,15,2520,0.9688273132112816,0.9683481701285855,0.9693069306930693,,
test,history_classifier,3567,2026-05-03 09:00:00,2026-09-28 23:00:00,False,0.5499999999999999,probability,0.9728126544735541,0.9713721618953604,0.9742574257425742,984,29,26,2528,0.9738787580088714,0.9695780176643768,0.9782178217821782,,
test,deep_classifier,3567,2026-05-03 09:00:00,2026-09-28 23:00:00,False,0.57,probability,0.957,0.9666666666666667,0.9475247524752475,957,33,53,2524,0.9590818363273453,0.9668008048289738,0.9514851485148514,,
test,original_model,3567,2026-05-03 09:00:00,2026-09-28 23:00:00,False,600,W/m2,0.9654827413706853,0.9757330637007078,0.9554455445544554,965,24,45,2533,0.9654827413706853,0.9757330637007078,0.9554455445544554,14.265815252695754,42.66015997533186
validation,nwp_day2,3566,2025-12-05 19:00:00,2026-05-03 08:00:00,Fixed default,600,W/m2,0.9008403361344538,0.9273356401384083,0.8758169934640523,268,21,38,3239,0.9008403361344538,0.9273356401384083,0.8758169934640523,17.692933258553,45.42010853260759
test,nwp_day2,3567,2026-05-03 09:00:00,2026-09-28 23:00:00,Fixed default,600,W/m2,0.9841427155599604,0.9851190476190477,0.9831683168316832,993,15,17,2542,0.9841427155599604,0.9851190476190477,0.9831683168316832,8.805719091673675,22.80048396340563
validation,analogue_raw,3566,2025-12-05 19:00:00,2026-05-03 08:00:00,Fixed default,0.5,probability,0.899505766062603,0.9069767441860465,0.8921568627450981,273,28,33,3232,0.899505766062603,0.9069767441860465,0.8921568627450981,16.805524397083566,44.98939630162833
test,analogue_raw,3567,2026-05-03 09:00:00,2026-09-28 23:00:00,Fixed default,0.5,probability,0.9836552748885586,0.9841427155599604,0.9831683168316832,993,16,17,2541,0.9836552748885586,0.9841427155599604,0.9831683168316832,6.921082141855901,22.1251489836738
