tick,threshold,tp,fp,fn,tn,precision,recall,f1,f1_exact
10,0.05,1403,344,21,6315,0.8030910131654264,0.985252808988764,0.8848943550930306,2806/3171
11,0.055,1403,332,21,6327,0.8086455331412103,0.985252808988764,0.8882557771446661,2806/3159
12,0.06,1403,326,21,6333,0.8114517061885483,0.985252808988764,0.8899460830954646,2806/3153
13,0.065,1403,319,21,6340,0.8147502903600464,0.985252808988764,0.8919262555626192,1403/1573
14,0.07,1403,308,21,6351,0.8199883109292812,0.985252808988764,0.8950558213716109,2806/3135
15,0.075,1402,300,22,6359,0.8237367802585194,0.9845505617977528,0.8969929622520794,1402/1563
16,0.08,1402,294,22,6365,0.8266509433962265,0.9845505617977528,0.8987179487179487,701/780
17,0.085,1401,289,23,6370,0.8289940828402367,0.9838483146067416,0.8998073217726397,467/519
18,0.09,1400,280,24,6379,0.8333333333333334,0.9831460674157303,0.9020618556701031,175/194
19,0.095,1399,276,25,6383,0.8352238805970149,0.9824438202247191,0.9028718941594063,2798/3099
20,0.1,1399,271,25,6388,0.8377245508982036,0.9824438202247191,0.9043309631544926,1399/1547
21,0.105,1397,262,27,6397,0.8420735382760699,0.9810393258426966,0.9062601362309439,2794/3083
22,0.11,1395,254,29,6405,0.8459672528805336,0.9796348314606742,0.9079075821672633,2790/3073
23,0.115,1395,251,29,6408,0.8475091130012151,0.9796348314606742,0.9087947882736156,279/307
24,0.12,1395,246,29,6413,0.850091407678245,0.9796348314606742,0.9102773246329527,558/613
25,0.125,1394,244,30,6415,0.851037851037851,0.9789325842696629,0.9105160026126714,1394/1531
26,0.13,1394,240,30,6419,0.8531211750305998,0.9789325842696629,0.9117069980379333,1394/1529
27,0.135,1394,232,30,6427,0.8573185731857319,0.9789325842696629,0.9140983606557377,1394/1525
28,0.14,1394,228,30,6431,0.8594327990135635,0.9789325842696629,0.9152987524622456,1394/1523
29,0.145,1393,218,31,6441,0.8646803227808815,0.9782303370786517,0.9179571663920922,2786/3035
30,0.15,1392,213,32,6446,0.8672897196261682,0.9775280898876404,0.9191152195444041,2784/3029
31,0.155,1389,211,35,6448,0.868125,0.9754213483146067,0.9186507936507936,463/504
32,0.16,1387,209,37,6450,0.8690476190476191,0.9740168539325843,0.9185430463576159,1387/1510
33,0.165,1386,204,38,6455,0.8716981132075472,0.973314606741573,0.9197080291970803,126/137
34,0.17,1386,200,38,6459,0.8738965952080706,0.973314606741573,0.9209302325581395,198/215
35,0.175,1385,196,39,6463,0.8760278304870335,0.9726123595505618,0.9217970049916805,554/601
36,0.18,1385,194,39,6465,0.8771374287523749,0.9726123595505618,0.9224109224109224,2770/3003
37,0.185,1384,189,40,6470,0.8798474253019708,0.9719101123595506,0.9235902569235902,2768/2997
38,0.19,1384,185,40,6474,0.8820905035054175,0.9719101123595506,0.9248245907116606,2768/2993
39,0.195,1384,182,40,6477,0.8837803320561941,0.9719101123595506,0.925752508361204,1384/1495
40,0.2,1383,178,41,6481,0.885970531710442,0.9712078651685393,0.9266331658291457,922/995
41,0.205,1382,173,42,6486,0.8887459807073955,0.9705056179775281,0.9278281302450486,2764/2979
42,0.21,1379,171,45,6488,0.8896774193548387,0.9683988764044944,0.9273705447209146,1379/1487
43,0.215,1378,168,46,6491,0.8913324708926261,0.9676966292134831,0.927946127946128,1378/1485
44,0.22,1376,163,48,6496,0.894087069525666,0.9662921348314607,0.9287883901451232,2752/2963
45,0.225,1374,161,50,6498,0.895114006514658,0.9648876404494382,0.9286921257181481,2748/2959
46,0.23,1374,158,50,6501,0.8968668407310705,0.9648876404494382,0.9296346414073072,687/739
47,0.235,1373,156,51,6503,0.8979725310660562,0.964185393258427,0.9299017947849645,2746/2953
48,0.24,1372,150,52,6509,0.9014454664914586,0.9634831460674157,0.9314324507807196,1372/1473
49,0.245,1371,149,53,6510,0.9019736842105263,0.9627808988764045,0.9313858695652174,1371/1472
50,0.25,1370,145,54,6514,0.9042904290429042,0.9620786516853933,0.9322898945219462,2740/2939
51,0.255,1368,142,56,6517,0.9059602649006623,0.9606741573033708,0.9325153374233128,152/163
52,0.26,1367,139,57,6520,0.9077025232403718,0.9599719101123596,0.9331058020477816,1367/1465
53,0.265,1367,139,57,6520,0.9077025232403718,0.9599719101123596,0.9331058020477816,1367/1465
54,0.27,1367,139,57,6520,0.9077025232403718,0.9599719101123596,0.9331058020477816,1367/1465
55,0.275,1366,135,58,6524,0.9100599600266489,0.9592696629213483,0.934017094017094,2732/2925
56,0.28,1366,134,58,6525,0.9106666666666666,0.9592696629213483,0.9343365253077975,683/731
57,0.285,1365,133,59,6526,0.9112149532710281,0.9585674157303371,0.9342915811088296,455/487
58,0.29,1364,133,60,6526,0.9111556446225785,0.9578651685393258,0.9339267374186923,2728/2921
59,0.295,1364,131,60,6528,0.9123745819397994,0.9578651685393258,0.934566632408359,2728/2919
60,0.3,1363,130,61,6529,0.9129269926322839,0.9571629213483146,0.9345217689406925,2726/2917
61,0.305,1363,128,61,6531,0.9141515761234071,0.9571629213483146,0.9351629502572899,2726/2915
62,0.31,1362,128,62,6531,0.9140939597315436,0.9564606741573034,0.9347975291695264,1362/1457
63,0.315,1362,123,62,6536,0.9171717171717172,0.9564606741573034,0.9364042626332073,2724/2909
64,0.32,1362,121,62,6538,0.9184086311530681,0.9564606741573034,0.9370485036119711,908/969
65,0.325,1359,121,65,6538,0.9182432432432432,0.9543539325842697,0.9359504132231405,453/484
66,0.33,1359,121,65,6538,0.9182432432432432,0.9543539325842697,0.9359504132231405,453/484
67,0.335,1359,119,65,6540,0.9194857916102842,0.9543539325842697,0.9365954514128187,1359/1451
68,0.34,1359,117,65,6542,0.9207317073170732,0.9543539325842697,0.9372413793103448,1359/1450
69,0.345,1359,113,65,6546,0.923233695652174,0.9543539325842697,0.93853591160221,1359/1448
70,0.35,1359,112,65,6547,0.9238613188307274,0.9543539325842697,0.938860103626943,906/965
71,0.355,1357,109,67,6550,0.9256480218281037,0.9529494382022472,0.9391003460207612,1357/1445
72,0.36,1357,106,67,6553,0.9275461380724539,0.9529494382022472,0.9400762036716315,2714/2887
73,0.365,1357,106,67,6553,0.9275461380724539,0.9529494382022472,0.9400762036716315,2714/2887
74,0.37,1356,104,68,6555,0.9287671232876712,0.952247191011236,0.9403606102635229,678/721
75,0.375,1354,103,70,6556,0.9293067947838023,0.9508426966292135,0.9399514057618882,2708/2881
76,0.38,1353,101,71,6558,0.9305364511691885,0.9501404494382022,0.940236275191105,1353/1439
77,0.385,1352,98,72,6561,0.9324137931034483,0.949438202247191,0.940848990953375,1352/1437
78,0.39,1352,96,72,6563,0.9337016574585635,0.949438202247191,0.9415041782729805,338/359
79,0.395,1352,93,72,6566,0.9356401384083045,0.949438202247191,0.9424886720111537,2704/2869
80,0.4,1349,92,75,6567,0.9361554476058292,0.9473314606741573,0.9417102966841187,2698/2865
81,0.405,1349,91,75,6568,0.9368055555555556,0.9473314606741573,0.9420391061452514,1349/1432
82,0.41,1348,90,76,6569,0.9374130737134909,0.9466292134831461,0.9419986023759609,1348/1431
83,0.415,1348,86,76,6573,0.9400278940027894,0.9466292134831461,0.9433170048985304,1348/1429
84,0.42,1348,86,76,6573,0.9400278940027894,0.9466292134831461,0.9433170048985304,1348/1429
85,0.425,1348,86,76,6573,0.9400278940027894,0.9466292134831461,0.9433170048985304,1348/1429
86,0.43,1347,86,77,6573,0.9399860432658758,0.9459269662921348,0.9429471473573678,2694/2857
87,0.435,1345,83,79,6576,0.9418767507002801,0.9445224719101124,0.9431977559607293,1345/1426
88,0.44,1341,82,83,6577,0.9423752635277582,0.9417134831460674,0.9420442571127503,894/949
89,0.445,1340,82,84,6577,0.9423347398030942,0.9410112359550562,0.9416725228390724,1340/1423
90,0.45,1340,81,84,6578,0.9429978888106967,0.9410112359550562,0.9420035149384886,536/569
91,0.455,1337,80,87,6579,0.9435426958362738,0.9389044943820225,0.9412178810278071,2674/2841
92,0.46,1337,80,87,6579,0.9435426958362738,0.9389044943820225,0.9412178810278071,2674/2841
93,0.465,1334,78,90,6581,0.9447592067988668,0.9367977528089888,0.9407616361071932,667/709
94,0.47,1332,77,92,6582,0.9453513129879347,0.9353932584269663,0.9403459230497706,2664/2833
95,0.475,1332,75,92,6584,0.9466950959488273,0.9353932584269663,0.9410102437301306,2664/2831
96,0.48,1331,74,93,6585,0.9473309608540925,0.9346910112359551,0.9409685401201838,2662/2829
97,0.485,1330,72,94,6587,0.948644793152639,0.9339887640449438,0.9412597310686482,1330/1413
98,0.49,1328,72,96,6587,0.9485714285714286,0.9325842696629213,0.9405099150141643,332/353
99,0.495,1327,70,97,6589,0.9498926270579814,0.9318820224719101,0.9408011343495214,2654/2821
100,0.5,1327,68,97,6591,0.9512544802867383,0.9318820224719101,0.941468605888613,2654/2819
101,0.505,1327,67,97,6592,0.9519368723098995,0.9318820224719101,0.9418026969481902,1327/1409
102,0.51,1324,67,100,6592,0.9518332135154565,0.9297752808988764,0.9406749555950267,2648/2815
103,0.515,1323,66,101,6593,0.9524838012958964,0.9290730337078652,0.9406327763953075,2646/2813
104,0.52,1323,66,101,6593,0.9524838012958964,0.9290730337078652,0.9406327763953075,2646/2813
105,0.525,1322,66,102,6593,0.952449567723343,0.9283707865168539,0.9402560455192034,661/703
106,0.53,1321,65,103,6594,0.9531024531024531,0.9276685393258427,0.9402135231316726,1321/1405
107,0.535,1321,65,103,6594,0.9531024531024531,0.9276685393258427,0.9402135231316726,1321/1405
108,0.54,1321,62,103,6597,0.9551699204627621,0.9276685393258427,0.9412183826148913,2642/2807
109,0.545,1319,61,105,6598,0.9557971014492753,0.9262640449438202,0.9407988587731811,1319/1402
110,0.55,1319,61,105,6598,0.9557971014492753,0.9262640449438202,0.9407988587731811,1319/1402
111,0.555,1318,61,106,6598,0.9557650471356055,0.925561797752809,0.9404209775240814,2636/2803
112,0.56,1315,60,109,6599,0.9563636363636364,0.9234550561797753,0.9396212933190425,2630/2799
113,0.565,1315,59,109,6600,0.9570596797671034,0.9234550561797753,0.9399571122230165,1315/1399
114,0.57,1311,58,113,6601,0.9576333089846604,0.9206460674157303,0.9387755102040817,46/49
115,0.575,1307,57,117,6602,0.9582111436950147,0.9178370786516854,0.9375896700143472,1307/1394
116,0.58,1307,56,117,6603,0.9589141599413059,0.9178370786516854,0.9379260853964837,2614/2787
117,0.585,1305,56,119,6603,0.9588537839823659,0.9164325842696629,0.9371633752244165,522/557
118,0.59,1305,55,119,6604,0.9595588235294118,0.9164325842696629,0.9375,15/16
119,0.595,1302,55,122,6604,0.9594694178334562,0.9143258426966292,0.9363538295577131,868/927
120,0.6,1297,54,127,6605,0.9600296076980015,0.910814606741573,0.9347747747747748,2594/2775
121,0.605,1296,52,128,6607,0.9614243323442137,0.9101123595505618,0.935064935064935,72/77
122,0.61,1293,51,131,6608,0.9620535714285714,0.9080056179775281,0.9342485549132948,1293/1384
123,0.615,1291,51,133,6608,0.9619970193740686,0.9066011235955056,0.9334779464931309,1291/1383
124,0.62,1288,51,136,6608,0.9619118745332338,0.9044943820224719,0.932319942091929,2576/2763
125,0.625,1287,50,137,6609,0.9626028421839941,0.9037921348314607,0.9322709163346613,234/251
126,0.63,1284,49,140,6610,0.9632408102025506,0.901685393258427,0.9314472252448314,856/919
127,0.635,1279,49,145,6610,0.9631024096385542,0.8981741573033708,0.9295058139534884,1279/1376
128,0.64,1277,47,147,6612,0.9645015105740181,0.8967696629213483,0.9294032023289666,1277/1374
129,0.645,1276,47,148,6612,0.9644746787603931,0.8960674157303371,0.92901346923917,2552/2747
130,0.65,1273,47,151,6612,0.9643939393939394,0.8939606741573034,0.9278425655976676,1273/1372
131,0.655,1272,46,152,6613,0.9650986342943855,0.8932584269662921,0.9277899343544858,424/457
132,0.66,1267,45,157,6614,0.9657012195121951,0.889747191011236,0.9261695906432749,1267/1368
133,0.665,1266,44,158,6615,0.966412213740458,0.8890449438202247,0.9261155815654718,1266/1367
134,0.67,1265,43,159,6616,0.9671253822629969,0.8883426966292135,0.9260614934114202,1265/1366
135,0.675,1262,42,162,6617,0.9677914110429447,0.8862359550561798,0.9252199413489736,631/682
136,0.68,1262,39,162,6620,0.9700230591852421,0.8862359550561798,0.9262385321100918,2524/2725
137,0.685,1259,39,165,6620,0.9699537750385208,0.8841292134831461,0.9250551065393093,1259/1361
138,0.69,1257,39,167,6620,0.9699074074074074,0.8827247191011236,0.924264705882353,1257/1360
139,0.695,1253,39,171,6620,0.9698142414860681,0.8799157303370787,0.9226804123711341,179/194
140,0.7,1251,39,173,6620,0.9697674418604652,0.8785112359550562,0.9218865143699336,1251/1357
141,0.705,1250,39,174,6620,0.969743987587277,0.8778089887640449,0.9214891264283082,2500/2713
142,0.71,1248,39,176,6620,0.9696969696969697,0.8764044943820225,0.9206934710438952,2496/2711
143,0.715,1245,38,179,6621,0.970381917381138,0.8742977528089888,0.9198374584410787,2490/2707
144,0.72,1242,38,182,6621,0.9703125,0.8721910112359551,0.9186390532544378,621/676
145,0.725,1240,38,184,6621,0.9702660406885759,0.8707865168539326,0.9178386380458919,1240/1351
146,0.73,1238,38,186,6621,0.9702194357366771,0.8693820224719101,0.917037037037037,619/675
147,0.735,1237,37,187,6622,0.9709576138147566,0.8686797752808989,0.9169755374351372,1237/1349
148,0.74,1237,37,187,6622,0.9709576138147566,0.8686797752808989,0.9169755374351372,1237/1349
149,0.745,1235,37,189,6622,0.9709119496855346,0.8672752808988764,0.9161721068249258,1235/1348
150,0.75,1232,37,192,6622,0.970843183609141,0.8651685393258427,0.9149647233568511,2464/2693
151,0.755,1227,37,197,6622,0.9707278481012658,0.8616573033707865,0.9129464285714286,409/448
152,0.76,1224,37,200,6622,0.9706582077716098,0.8595505617977528,0.911731843575419,816/895
153,0.765,1224,35,200,6624,0.9722001588562351,0.8595505617977528,0.9124114796869176,2448/2683
154,0.77,1222,35,202,6624,0.9721559268098647,0.8581460674157303,0.9116001491980604,2444/2681
155,0.775,1220,35,204,6624,0.9721115537848606,0.8567415730337079,0.9107876073161627,2440/2679
156,0.78,1215,35,209,6624,0.972,0.8532303370786517,0.9087509349289454,1215/1337
157,0.785,1212,35,212,6624,0.9719326383319968,0.851123595505618,0.9075252714339199,2424/2671
158,0.79,1210,35,214,6624,0.9718875502008032,0.8497191011235955,0.9067066316972648,2420/2669
159,0.795,1208,35,216,6624,0.9718423169750603,0.848314606741573,0.9058867641544807,2416/2667
160,0.8,1204,35,220,6624,0.9717514124293786,0.8455056179775281,0.9042433345850545,2408/2663
161,0.805,1201,35,223,6624,0.9716828478964401,0.8433988764044944,0.9030075187969925,1201/1330
162,0.81,1196,35,228,6624,0.9715678310316815,0.8398876404494382,0.9009416195856874,2392/2655
163,0.815,1194,33,230,6626,0.9731051344743277,0.8384831460674157,0.9007921539041871,2388/2651
164,0.82,1192,33,232,6626,0.9730612244897959,0.8370786516853933,0.8999622499056248,2384/2649
165,0.825,1189,33,235,6626,0.9729950900163666,0.8349719101123596,0.8987150415721844,1189/1323
166,0.83,1182,33,242,6626,0.9728395061728395,0.8300561797752809,0.8957938613111027,2364/2639
167,0.835,1180,33,244,6626,0.9727947238252267,0.8286516853932584,0.8949563898369359,2360/2637
168,0.84,1176,32,248,6627,0.9735099337748344,0.8258426966292135,0.8936170212765957,42/47
169,0.845,1175,32,249,6627,0.9734879867439934,0.8251404494382022,0.8931965032307108,2350/2631
170,0.85,1171,32,253,6627,0.9733998337489609,0.8223314606741573,0.8915112295393985,2342/2627
171,0.855,1170,32,254,6627,0.9733777038269551,0.8216292134831461,0.8910891089108911,90/101
172,0.86,1169,32,255,6627,0.9733555370524563,0.8209269662921348,0.8906666666666667,334/375
173,0.865,1168,32,256,6627,0.9733333333333334,0.8202247191011236,0.8902439024390244,73/82
174,0.87,1165,32,259,6627,0.9732664995822891,0.8181179775280899,0.888973674170164,2330/2621
175,0.875,1161,32,263,6627,0.9731768650461022,0.8153089887640449,0.8872755063049294,2322/2617
176,0.88,1157,32,267,6627,0.9730866274179983,0.8125,0.8855721393034826,178/201
177,0.885,1154,32,270,6627,0.9730185497470489,0.8103932584269663,0.8842911877394636,1154/1305
178,0.89,1150,32,274,6627,0.9729272419627749,0.8075842696629213,0.8825786646201075,1150/1303
179,0.895,1146,31,278,6628,0.973661852166525,0.8047752808988764,0.881199538638985,764/867
180,0.9,1143,30,281,6629,0.9744245524296675,0.8026685393258427,0.8802464381979207,2286/2597
181,0.905,1138,30,286,6629,0.9743150684931506,0.7991573033707865,0.8780864197530864,569/648
182,0.91,1136,30,288,6629,0.9742710120068611,0.797752808988764,0.8772200772200772,1136/1295
183,0.915,1129,30,295,6629,0.9741156169111302,0.7928370786516854,0.8741773132017034,2258/2583
184,0.92,1122,29,302,6630,0.9748045178105995,0.7879213483146067,0.8714563106796116,2244/2575
185,0.925,1113,29,311,6630,0.9746059544658494,0.7816011235955056,0.8674980514419329,1113/1283
186,0.93,1111,28,313,6631,0.9754170324846356,0.7801966292134831,0.8669527896995708,202/233
187,0.935,1107,28,317,6631,0.9753303964757709,0.7773876404494382,0.8651817116060961,738/853
188,0.94,1100,28,324,6631,0.975177304964539,0.7724719101123596,0.8620689655172413,25/29
189,0.945,1086,28,338,6631,0.9748653500897666,0.7626404494382022,0.8557919621749409,362/423
190,0.95,1066,27,358,6632,0.9752973467520586,0.7485955056179775,0.8470401271354787,2132/2517
