split,method,basis,scope,probability_cutoff,validation_qualifies,hours,tp,fp,fn,tn,precision,recall,f1,mae,rmse,brier,interval_coverage_90,interval_width_90
validation,persistence,selected,full,0.5,False,3566,244,62,62,3198,0.7973856209150327,0.7973856209150327,0.7973856209150327,32.469433538979246,80.09554375942383,0.034772854739203586,,
validation,persistence,selected,daytime,0.5,False,1487,244,62,62,1119,0.7973856209150327,0.7973856209150327,0.7973856209150327,77.1217215870881,123.98450995511368,0.08338937457969066,,
validation,persistence,default,full,0.5,False,3566,244,62,62,3198,0.7973856209150327,0.7973856209150327,0.7973856209150327,32.469433538979246,80.09554375942383,0.034772854739203586,,
validation,persistence,default,daytime,0.5,False,1487,244,62,62,1119,0.7973856209150327,0.7973856209150327,0.7973856209150327,77.1217215870881,123.98450995511368,0.08338937457969066,,
validation,original,selected,full,0.5,False,3566,241,55,65,3205,0.8141891891891891,0.7875816993464052,0.8006644518272426,29.33746861937588,69.65638278353492,0.03365114974761638,,
validation,original,selected,daytime,0.5,False,1487,241,55,65,1126,0.8141891891891891,0.7875816993464052,0.8006644518272426,69.05325434894571,107.8128759937836,0.08069939475453934,,
validation,original,default,full,0.5,False,3566,241,55,65,3205,0.8141891891891891,0.7875816993464052,0.8006644518272426,29.33746861937588,69.65638278353492,0.03365114974761638,,
validation,original,default,daytime,0.5,False,1487,241,55,65,1126,0.8141891891891891,0.7875816993464052,0.8006644518272426,69.05325434894571,107.8128759937836,0.08069939475453934,,
validation,nwp_day2,selected,full,0.5,True,3566,268,21,38,3239,0.9273356401384083,0.8758169934640523,0.9008403361344538,17.692933258553,45.42010853260759,0.016545148625911384,,
validation,nwp_day2,selected,daytime,0.5,True,1487,268,21,38,1160,0.9273356401384083,0.8758169934640523,0.9008403361344538,41.225285810356425,70.22318153776436,0.03967720242098184,,
validation,nwp_day2,default,full,0.5,True,3566,268,21,38,3239,0.9273356401384083,0.8758169934640523,0.9008403361344538,17.692933258553,45.42010853260759,0.016545148625911384,,
validation,nwp_day2,default,daytime,0.5,True,1487,268,21,38,1160,0.9273356401384083,0.8758169934640523,0.9008403361344538,41.225285810356425,70.22318153776436,0.03967720242098184,,
validation,median_bias,selected,full,0.5,True,3566,268,21,38,3239,0.9273356401384083,0.8758169934640523,0.9008403361344538,17.692933258553,45.42010853260759,0.016545148625911384,,
validation,median_bias,selected,daytime,0.5,True,1487,268,21,38,1160,0.9273356401384083,0.8758169934640523,0.9008403361344538,41.225285810356425,70.22318153776436,0.03967720242098184,,
validation,median_bias,default,full,0.5,True,3566,268,21,38,3239,0.9273356401384083,0.8758169934640523,0.9008403361344538,17.692933258553,45.42010853260759,0.016545148625911384,,
validation,median_bias,default,daytime,0.5,True,1487,268,21,38,1160,0.9273356401384083,0.8758169934640523,0.9008403361344538,41.225285810356425,70.22318153776436,0.03967720242098184,,
validation,ridge_bias,selected,full,0.5,False,3566,267,21,39,3239,0.9270833333333334,0.8725490196078431,0.898989898989899,18.872934066991974,45.05337801523897,0.01682557487380819,,
validation,ridge_bias,selected,daytime,0.5,False,1487,267,21,39,1160,0.9270833333333334,0.8725490196078431,0.898989898989899,40.787880448458786,69.47681360248617,0.04034969737726967,,
validation,ridge_bias,default,full,0.5,False,3566,267,21,39,3239,0.9270833333333334,0.8725490196078431,0.898989898989899,18.872934066991974,45.05337801523897,0.01682557487380819,,
validation,ridge_bias,default,daytime,0.5,False,1487,267,21,39,1160,0.9270833333333334,0.8725490196078431,0.898989898989899,40.787880448458786,69.47681360248617,0.04034969737726967,,
validation,global_residual,selected,full,0.5,True,3566,268,21,38,3239,0.9273356401384083,0.8758169934640523,0.9008403361344538,17.692933258553,45.42010853260759,0.014924276697455132,0.8143578238923164,38.71444195176663
validation,global_residual,selected,daytime,0.5,True,1487,268,21,38,1160,0.9273356401384083,0.8758169934640523,0.9008403361344538,41.225285810356425,70.22318153776436,0.03579016187163753,0.5568258238063215,52.198285137861404
validation,global_residual,default,full,0.5,True,3566,268,21,38,3239,0.9273356401384083,0.8758169934640523,0.9008403361344538,17.692933258553,45.42010853260759,0.014924276697455132,0.8143578238923164,38.71444195176663
validation,global_residual,default,daytime,0.5,True,1487,268,21,38,1160,0.9273356401384083,0.8758169934640523,0.9008403361344538,41.225285810356425,70.22318153776436,0.03579016187163753,0.5568258238063215,52.198285137861404
validation,analogue_raw,selected,full,0.5,False,3566,273,28,33,3232,0.9069767441860465,0.8921568627450981,0.899505766062603,16.805524397083566,44.98939630162833,0.012268442955166853,0.9469994391475042,74.24879416713401
validation,analogue_raw,selected,daytime,0.5,False,1487,273,28,33,1153,0.9069767441860465,0.8921568627450981,0.899505766062603,39.625084061869536,69.62103803777971,0.029421161787575655,0.8802958977807667,171.95110961667783
validation,analogue_raw,default,full,0.5,False,3566,273,28,33,3232,0.9069767441860465,0.8921568627450981,0.899505766062603,16.805524397083566,44.98939630162833,0.012268442955166853,0.9469994391475042,74.24879416713401
validation,analogue_raw,default,daytime,0.5,False,1487,273,28,33,1153,0.9069767441860465,0.8921568627450981,0.899505766062603,39.625084061869536,69.62103803777971,0.029421161787575655,0.8802958977807667,171.95110961667783
validation,analogue_solar,selected,full,0.5,False,3566,273,29,33,3231,0.9039735099337748,0.8921568627450981,0.8980263157894737,16.81832319205074,44.980002568206814,0.012198267929753225,0.9425126191811554,71.8583069825689
validation,analogue_solar,selected,daytime,0.5,False,1487,273,29,33,1152,0.9039735099337748,0.8921568627450981,0.8980263157894737,39.60356262876892,69.59857964207336,0.02925287386516476,0.8776059179556154,169.23128764888136
validation,analogue_solar,default,full,0.5,False,3566,273,29,33,3231,0.9039735099337748,0.8921568627450981,0.8980263157894737,16.81832319205074,44.980002568206814,0.012198267929753225,0.9425126191811554,71.8583069825689
validation,analogue_solar,default,daytime,0.5,False,1487,273,29,33,1152,0.9039735099337748,0.8921568627450981,0.8980263157894737,39.60356262876892,69.59857964207336,0.02925287386516476,0.8776059179556154,169.23128764888136
test,persistence,selected,full,0.5,False,3567,985,20,25,2537,0.9800995024875622,0.9752475247524752,0.9776674937965261,12.259321558732829,40.10747056849009,0.012615643397813289,,
test,persistence,selected,daytime,0.5,False,1878,985,20,25,848,0.9800995024875622,0.9752475247524752,0.9776674937965261,23.11182108626198,55.26728547206276,0.023961661341853034,,
test,persistence,default,full,0.5,False,3567,985,20,25,2537,0.9800995024875622,0.9752475247524752,0.9776674937965261,12.259321558732829,40.10747056849009,0.012615643397813289,,
test,persistence,default,daytime,0.5,False,1878,985,20,25,848,0.9800995024875622,0.9752475247524752,0.9776674937965261,23.11182108626198,55.26728547206276,0.023961661341853034,,
test,original,selected,full,0.5,False,3567,965,24,45,2533,0.9757330637007078,0.9554455445544554,0.9654827413706853,14.265815252695758,42.66015997533186,0.01934398654331371,,
test,original,selected,daytime,0.5,False,1878,965,24,45,844,0.9757330637007078,0.9554455445544554,0.9654827413706853,26.535230305098246,58.78140433467182,0.036741214057507986,,
test,original,default,full,0.5,False,3567,965,24,45,2533,0.9757330637007078,0.9554455445544554,0.9654827413706853,14.265815252695758,42.66015997533186,0.01934398654331371,,
test,original,default,daytime,0.5,False,1878,965,24,45,844,0.9757330637007078,0.9554455445544554,0.9654827413706853,26.535230305098246,58.78140433467182,0.036741214057507986,,
test,nwp_day2,selected,full,0.5,True,3567,993,15,17,2542,0.9851190476190477,0.9831683168316832,0.9841427155599604,8.805719091673675,22.80048396340563,0.00897112419400056,,
test,nwp_day2,selected,daytime,0.5,True,1878,993,15,17,853,0.9851190476190477,0.9831683168316832,0.9841427155599604,15.751331203407881,31.246699506219034,0.01703940362087327,,
test,nwp_day2,default,full,0.5,True,3567,993,15,17,2542,0.9851190476190477,0.9831683168316832,0.9841427155599604,8.805719091673675,22.80048396340563,0.00897112419400056,,
test,nwp_day2,default,daytime,0.5,True,1878,993,15,17,853,0.9851190476190477,0.9831683168316832,0.9841427155599604,15.751331203407881,31.246699506219034,0.01703940362087327,,
test,median_bias,selected,full,0.5,True,3567,993,15,17,2542,0.9851190476190477,0.9831683168316832,0.9841427155599604,8.805719091673675,22.80048396340563,0.00897112419400056,,
test,median_bias,selected,daytime,0.5,True,1878,993,15,17,853,0.9851190476190477,0.9831683168316832,0.9841427155599604,15.751331203407881,31.246699506219034,0.01703940362087327,,
test,median_bias,default,full,0.5,True,3567,993,15,17,2542,0.9851190476190477,0.9831683168316832,0.9841427155599604,8.805719091673675,22.80048396340563,0.00897112419400056,,
test,median_bias,default,daytime,0.5,True,1878,993,15,17,853,0.9851190476190477,0.9831683168316832,0.9841427155599604,15.751331203407881,31.246699506219034,0.01703940362087327,,
test,ridge_bias,selected,full,0.5,False,3567,988,10,22,2547,0.9899799599198397,0.9782178217821782,0.9840637450199203,9.43279221184605,22.712433799594105,0.00897112419400056,,
test,ridge_bias,selected,daytime,0.5,False,1878,988,10,22,858,0.9899799599198397,0.9782178217821782,0.9840637450199203,16.073916049831183,31.118032696081475,0.01703940362087327,,
test,ridge_bias,default,full,0.5,False,3567,988,10,22,2547,0.9899799599198397,0.9782178217821782,0.9840637450199203,9.43279221184605,22.712433799594105,0.00897112419400056,,
test,ridge_bias,default,daytime,0.5,False,1878,988,10,22,858,0.9899799599198397,0.9782178217821782,0.9840637450199203,16.073916049831183,31.118032696081475,0.01703940362087327,,
test,global_residual,selected,full,0.5,True,3567,993,15,17,2542,0.9851190476190477,0.9831683168316832,0.9841427155599604,8.805719091673675,22.80048396340563,0.0076632230997687135,0.9428090832632464,48.716498458088004
test,global_residual,selected,daytime,0.5,True,1878,993,15,17,853,0.9851190476190477,0.9831683168316832,0.9841427155599604,15.751331203407881,31.246699506219034,0.01455522726138179,0.8913738019169329,60.749999999999986
test,global_residual,default,full,0.5,True,3567,993,15,17,2542,0.9851190476190477,0.9831683168316832,0.9841427155599604,8.805719091673675,22.80048396340563,0.0076632230997687135,0.9428090832632464,48.716498458088004
test,global_residual,default,daytime,0.5,True,1878,993,15,17,853,0.9851190476190477,0.9831683168316832,0.9841427155599604,15.751331203407881,31.246699506219034,0.01455522726138179,0.8913738019169329,60.749999999999986
test,analogue_raw,selected,full,0.5,False,3567,993,16,17,2541,0.9841427155599604,0.9831683168316832,0.9836552748885586,6.921082141855901,22.1251489836738,0.006771668353132885,0.9629941126997477,38.95761143818334
test,analogue_raw,selected,daytime,0.5,False,1878,993,16,17,852,0.9841427155599604,0.9831683168316832,0.9836552748885586,12.893503727369541,30.477435393379388,0.01286184292631789,0.9350372736954207,72.8153887113951
test,analogue_raw,default,full,0.5,False,3567,993,16,17,2541,0.9841427155599604,0.9831683168316832,0.9836552748885586,6.921082141855901,22.1251489836738,0.006771668353132885,0.9629941126997477,38.95761143818334
test,analogue_raw,default,daytime,0.5,False,1878,993,16,17,852,0.9841427155599604,0.9831683168316832,0.9836552748885586,12.893503727369541,30.477435393379388,0.01286184292631789,0.9350372736954207,72.8153887113951
test,analogue_solar,selected,full,0.5,False,3567,994,17,16,2540,0.9831849653808111,0.9841584158415841,0.983671449777338,6.96053046968453,22.303314709922766,0.006769820358494533,0.9655172413793104,42.24690751148609
test,analogue_solar,selected,daytime,0.5,False,1878,994,17,16,851,0.9831849653808111,0.9841584158415841,0.983671449777338,12.993926269350885,30.724901865445098,0.012858332917332268,0.9376996805111821,79.16135271323623
test,analogue_solar,default,full,0.5,False,3567,994,17,16,2540,0.9831849653808111,0.9841584158415841,0.983671449777338,6.96053046968453,22.303314709922766,0.006769820358494533,0.9655172413793104,42.24690751148609
test,analogue_solar,default,daytime,0.5,False,1878,994,17,16,851,0.9831849653808111,0.9841584158415841,0.983671449777338,12.993926269350885,30.724901865445098,0.012858332917332268,0.9376996805111821,79.16135271323623
