split,basis,method,hours,tp,fp,fn,tn,precision,recall,f1,precision_fraction,recall_fraction,f1_fraction
validation,weather_full,original,3566,241,55,65,3205,0.8141891891891891,0.7875816993464052,0.8006644518272426,241/296,241/306,241/301
validation,weather_full,persistence,3566,244,62,62,3198,0.7973856209150327,0.7973856209150327,0.7973856209150327,122/153,122/153,122/153
validation,weather_full,nwp_day2,3566,268,21,38,3239,0.9273356401384083,0.8758169934640523,0.9008403361344538,268/289,134/153,536/595
validation,weather_full,joint,3566,269,21,37,3239,0.9275862068965517,0.8790849673202614,0.9026845637583892,269/290,269/306,269/298
validation,weather_full,f1_008_frozen,3566,271,21,35,3239,0.928082191780822,0.8856209150326797,0.9063545150501672,271/292,271/306,271/299
validation,weather_common,original,3419,233,47,59,3080,0.8321428571428572,0.797945205479452,0.8146853146853147,233/280,233/292,233/286
validation,weather_common,persistence,3419,236,54,56,3073,0.8137931034482758,0.8082191780821918,0.8109965635738832,118/145,59/73,236/291
validation,weather_common,nwp_day2,3419,255,16,37,3111,0.940959409594096,0.8732876712328768,0.9058614564831261,255/271,255/292,510/563
validation,weather_common,joint,3419,256,17,36,3110,0.9377289377289377,0.8767123287671232,0.9061946902654867,256/273,64/73,512/565
validation,weather_common,f1_008_frozen,3419,258,17,34,3110,0.9381818181818182,0.8835616438356164,0.91005291005291,258/275,129/146,172/189
validation,satellite_common,original,3419,212,68,82,3057,0.7571428571428571,0.7210884353741497,0.7386759581881533,53/70,106/147,212/287
validation,satellite_common,persistence,3419,218,72,76,3053,0.7517241379310344,0.7414965986394558,0.7465753424657534,109/145,109/147,109/146
validation,satellite_common,nwp_day2,3419,228,43,66,3082,0.8413284132841329,0.7755102040816326,0.8070796460176991,228/271,38/49,456/565
validation,satellite_common,joint,3419,230,43,64,3082,0.8424908424908425,0.782312925170068,0.8112874779541446,230/273,115/147,460/567
validation,satellite_common,f1_008_frozen,3419,233,42,61,3083,0.8472727272727273,0.7925170068027211,0.8189806678383128,233/275,233/294,466/569
test,weather_full,original,3567,965,24,45,2533,0.9757330637007078,0.9554455445544554,0.9654827413706853,965/989,193/202,1930/1999
test,weather_full,persistence,3567,985,20,25,2537,0.9800995024875622,0.9752475247524752,0.9776674937965261,197/201,197/202,394/403
test,weather_full,nwp_day2,3567,993,15,17,2542,0.9851190476190477,0.9831683168316832,0.9841427155599604,331/336,993/1010,993/1009
test,weather_full,joint,3567,994,15,16,2542,0.9851337958374629,0.9841584158415841,0.9846458642892522,994/1009,497/505,1988/2019
test,weather_full,f1_008_frozen,3567,995,16,15,2541,0.9841740850642928,0.9851485148514851,0.9846610588817417,995/1011,199/202,1990/2021
test,weather_common,original,3517,949,24,45,2499,0.9753340184994861,0.954728370221328,0.9649211997966446,949/973,949/994,1898/1967
test,weather_common,persistence,3517,969,20,25,2503,0.9797775530839231,0.9748490945674044,0.9773071104387292,969/989,969/994,646/661
test,weather_common,nwp_day2,3517,977,15,17,2508,0.9848790322580645,0.9828973843058351,0.9838872104733132,977/992,977/994,977/993
test,weather_common,joint,3517,978,15,16,2508,0.9848942598187311,0.9839034205231388,0.984398590840463,326/331,489/497,1956/1987
test,weather_common,f1_008_frozen,3517,979,16,15,2507,0.9839195979899498,0.9849094567404426,0.9844142785319256,979/995,979/994,1958/1989
test,satellite_common,original,3517,920,53,55,2489,0.9455292908530318,0.9435897435897436,0.944558521560575,920/973,184/195,460/487
test,satellite_common,persistence,3517,941,48,34,2494,0.9514661274014156,0.9651282051282051,0.9582484725050916,941/989,941/975,941/982
test,satellite_common,nwp_day2,3517,950,42,25,2500,0.9576612903225806,0.9743589743589743,0.9659379766141332,475/496,38/39,1900/1967
test,satellite_common,joint,3517,951,42,24,2500,0.9577039274924471,0.9753846153846154,0.9664634146341463,317/331,317/325,317/328
test,satellite_common,f1_008_frozen,3517,954,41,21,2501,0.9587939698492463,0.9784615384615385,0.9685279187817258,954/995,318/325,954/985
