date,hour,predicted_radiation,surplus_flag
2026-07-01,0,0,0
2026-07-01,1,0,0
2026-07-01,2,0,0
2026-07-01,3,0,0
2026-07-01,4,0,0
2026-07-01,5,0,0
2026-07-01,6,0,0
2026-07-01,7,0,0
2026-07-01,8,0,0
2026-07-01,9,0,0
2026-07-01,10,0,0
2026-07-01,11,600,0
2026-07-01,12,800,1
2026-07-01,13,0,0
2026-07-01,14,0,0
2026-07-01,15,0,0
2026-07-01,16,0,0
2026-07-01,17,0,0
2026-07-01,18,0,0
2026-07-01,19,0,0
2026-07-01,20,0,0
2026-07-01,21,0,0
2026-07-01,22,0,0
2026-07-01,23,0,0
2026-07-03,0,0,0
2026-07-03,1,0,0
2026-07-03,2,0,0
2026-07-03,3,0,0
2026-07-03,4,0,0
2026-07-03,5,0,0
2026-07-03,6,0,0
2026-07-03,7,0,0
2026-07-03,8,0,0
2026-07-03,9,0,0
2026-07-03,10,0,0
2026-07-03,11,600,0
2026-07-03,12,800,1
2026-07-03,13,0,0
2026-07-03,14,0,0
2026-07-03,15,0,0
2026-07-03,16,0,0
2026-07-03,17,0,0
2026-07-03,18,0,0
2026-07-03,19,0,0
2026-07-03,20,0,0
2026-07-03,21,0,0
2026-07-03,22,0,0
2026-07-03,23,0,0
