date,hour,normal_power_kw,aquashift_power_kw,tank_level_m3,surplus_flag
2026-07-01,0,10,10,100,0
2026-07-01,1,10,10,100,0
2026-07-01,2,10,10,100,0
2026-07-01,3,10,10,100,0
2026-07-01,4,10,10,100,0
2026-07-01,5,10,10,100,0
2026-07-01,6,10,10,100,0
2026-07-01,7,10,10,100,0
2026-07-01,8,10,10,100,0
2026-07-01,9,10,10,100,0
2026-07-01,10,10,5,100,0
2026-07-01,11,10,10,100,0
2026-07-01,12,10,15,100,1
2026-07-01,13,10,10,100,0
2026-07-01,14,10,10,100,0
2026-07-01,15,10,10,100,0
2026-07-01,16,10,10,100,0
2026-07-01,17,10,10,100,0
2026-07-01,18,10,10,100,0
2026-07-01,19,10,10,100,0
2026-07-01,20,10,10,100,0
2026-07-01,21,10,10,100,0
2026-07-01,22,10,10,100,0
2026-07-01,23,10,10,100,0
2026-07-03,0,10,10,100,0
2026-07-03,1,10,10,100,0
2026-07-03,2,10,10,100,0
2026-07-03,3,10,10,100,0
2026-07-03,4,10,10,100,0
2026-07-03,5,10,10,100,0
2026-07-03,6,10,10,100,0
2026-07-03,7,10,10,100,0
2026-07-03,8,10,10,100,0
2026-07-03,9,10,10,100,0
2026-07-03,10,10,5,100,0
2026-07-03,11,10,10,100,0
2026-07-03,12,10,15,100,1
2026-07-03,13,10,10,100,0
2026-07-03,14,10,10,100,0
2026-07-03,15,10,10,100,0
2026-07-03,16,10,10,100,0
2026-07-03,17,10,10,100,0
2026-07-03,18,10,10,100,0
2026-07-03,19,10,10,100,0
2026-07-03,20,10,10,100,0
2026-07-03,21,10,10,100,0
2026-07-03,22,10,10,100,0
2026-07-03,23,10,10,100,0
