stage,endpoint_day,issue_time,forecast_pv_kwh,supply_to_load_ratio,bank_min_ratio,bank_max_ratio,bank_fraction_at_or_below,below_bank_min,above_bank_max,nearest_bank_ratio_gap,latest_bank_source_age_hours
validation,2025-12-05,2025-12-04 00:00:00,4377.5,0.4470486111111111,0.37309027777777776,0.9487847222222222,0.046875,False,False,0.007986111111111083,1.0
validation,2025-12-06,2025-12-05 00:00:00,3442.5,0.3515625,0.37309027777777776,0.9487847222222222,0.0,True,False,0.021527777777777757,25.0
validation,2025-12-07,2025-12-06 00:00:00,1834.3,0.1873263888888889,0.37309027777777776,0.9487847222222222,0.0,True,False,0.18576388888888887,49.0
validation,2025-12-08,2025-12-07 00:00:00,2174.3,0.22204861111111113,0.37309027777777776,0.9487847222222222,0.0,True,False,0.15104166666666663,73.0
validation,2025-12-09,2025-12-08 00:00:00,2963.1,0.3026041666666667,0.37309027777777776,0.9487847222222222,0.0,True,False,0.07048611111111108,97.0
validation,2025-12-10,2025-12-09 00:00:00,3201.1,0.3269097222222222,0.37309027777777776,0.9487847222222222,0.0,True,False,0.04618055555555556,121.0
validation,2025-12-11,2025-12-10 00:00:00,3879.4000000000005,0.3961805555555556,0.37309027777777776,0.9487847222222222,0.015625,False,False,0.023090277777777835,145.0
validation,2025-12-12,2025-12-11 00:00:00,5169.699999999999,0.5279513888888888,0.37309027777777776,0.9487847222222222,0.1875,False,False,0.0024305555555554914,169.0
validation,2025-12-13,2025-12-12 00:00:00,4710.700000000001,0.481076388888889,0.37309027777777776,0.9487847222222222,0.078125,False,False,0.002777777777777657,193.0
validation,2025-12-14,2025-12-13 00:00:00,4936.799999999998,0.5041666666666665,0.37309027777777776,0.9487847222222222,0.109375,False,False,1.1102230246251565e-16,217.0
validation,2025-12-15,2025-12-14 00:00:00,4329.9,0.44218749999999996,0.37309027777777776,0.9487847222222222,0.046875,False,False,0.012847222222222121,241.0
validation,2025-12-16,2025-12-15 00:00:00,5154.400000000001,0.5263888888888889,0.37309027777777776,0.9487847222222222,0.1875,False,False,0.0008680555555555802,265.0
validation,2025-12-17,2025-12-16 00:00:00,5372.000000000001,0.5486111111111112,0.37309027777777776,0.9487847222222222,0.203125,False,False,0.004513888888888817,289.0
validation,2025-12-18,2025-12-17 00:00:00,5040.5,0.5147569444444444,0.37309027777777776,0.9487847222222222,0.15625,False,False,0.0010416666666667185,313.0
validation,2025-12-19,2025-12-18 00:00:00,4503.299999999999,0.4598958333333333,0.37309027777777776,0.9487847222222222,0.0625,False,False,0.003993055555555569,337.0
validation,2025-12-20,2025-12-19 00:00:00,3971.2,0.40555555555555556,0.37309027777777776,0.9487847222222222,0.015625,False,False,0.021527777777777757,361.0
validation,2025-12-21,2025-12-20 00:00:00,2179.4,0.22256944444444446,0.37309027777777776,0.9487847222222222,0.0,True,False,0.1505208333333333,385.0
validation,2025-12-22,2025-12-21 00:00:00,3819.9,0.3901041666666667,0.37309027777777776,0.9487847222222222,0.015625,False,False,0.01701388888888894,409.0
validation,2025-12-23,2025-12-22 00:00:00,3892.9999999999995,0.3975694444444444,0.37309027777777776,0.9487847222222222,0.015625,False,False,0.024479166666666663,433.0
validation,2025-12-24,2025-12-23 00:00:00,4666.5,0.4765625,0.37309027777777776,0.9487847222222222,0.078125,False,False,0.007291666666666641,457.0
validation,2025-12-25,2025-12-24 00:00:00,4437.0,0.453125,0.37309027777777776,0.9487847222222222,0.046875,False,False,0.0019097222222221877,481.0
validation,2025-12-26,2025-12-25 00:00:00,4328.2,0.4420138888888889,0.37309027777777776,0.9487847222222222,0.046875,False,False,0.012673611111111038,505.0
validation,2025-12-27,2025-12-26 00:00:00,4851.799999999999,0.495486111111111,0.37309027777777776,0.9487847222222222,0.109375,False,False,0.006770833333333226,529.0
validation,2025-12-28,2025-12-27 00:00:00,4962.299999999999,0.5067708333333333,0.37309027777777776,0.9487847222222222,0.140625,False,False,0.002083333333333326,553.0
validation,2025-12-29,2025-12-28 00:00:00,5304.0,0.5416666666666666,0.37309027777777776,0.9487847222222222,0.203125,False,False,0.004861111111111094,577.0
validation,2025-12-30,2025-12-29 00:00:00,4221.1,0.43107638888888894,0.37309027777777776,0.9487847222222222,0.046875,False,False,0.001736111111111105,601.0
validation,2025-12-31,2025-12-30 00:00:00,2985.2,0.3048611111111111,0.37309027777777776,0.9487847222222222,0.0,True,False,0.06822916666666667,625.0
validation,2026-01-01,2025-12-31 00:00:00,4666.5,0.4765625,0.37309027777777776,0.9487847222222222,0.078125,False,False,0.007291666666666641,649.0
validation,2026-01-02,2026-01-01 00:00:00,5416.2,0.553125,0.37309027777777776,0.9487847222222222,0.21875,False,False,0.0,673.0
validation,2026-01-03,2026-01-02 00:00:00,4081.7000000000003,0.4168402777777778,0.37309027777777776,0.9487847222222222,0.015625,False,False,0.010243055555555491,697.0
validation,2026-01-04,2026-01-03 00:00:00,4930.0,0.5034722222222222,0.37309027777777776,0.9487847222222222,0.109375,False,False,0.000694444444444442,721.0
validation,2026-01-05,2026-01-04 00:00:00,5445.1,0.5560763888888889,0.37309027777777776,0.9487847222222222,0.21875,False,False,0.002777777777777768,745.0
validation,2026-01-06,2026-01-05 00:00:00,5353.3,0.5467013888888889,0.37309027777777776,0.9487847222222222,0.203125,False,False,0.006423611111111116,769.0
validation,2026-01-07,2026-01-06 00:00:00,5258.1,0.5369791666666667,0.37309027777777776,0.9487847222222222,0.203125,False,False,0.00017361111111113825,793.0
validation,2026-01-08,2026-01-07 00:00:00,3981.4,0.4065972222222222,0.37309027777777776,0.9487847222222222,0.015625,False,False,0.020486111111111094,817.0
validation,2026-01-09,2026-01-08 00:00:00,4088.5,0.4175347222222222,0.37309027777777776,0.9487847222222222,0.015625,False,False,0.009548611111111105,841.0
validation,2026-01-10,2026-01-09 00:00:00,4185.4,0.42743055555555554,0.37309027777777776,0.9487847222222222,0.03125,False,False,0.000347222222222221,865.0
validation,2026-01-11,2026-01-10 00:00:00,4811.0,0.4913194444444444,0.37309027777777776,0.9487847222222222,0.109375,False,False,0.0026041666666666297,889.0
validation,2026-01-12,2026-01-11 00:00:00,3796.1,0.3876736111111111,0.37309027777777776,0.9487847222222222,0.015625,False,False,0.014583333333333337,913.0
validation,2026-01-13,2026-01-12 00:00:00,4421.700000000001,0.4515625000000001,0.37309027777777776,0.9487847222222222,0.046875,False,False,0.003472222222222099,937.0
validation,2026-01-14,2026-01-13 00:00:00,5705.199999999999,0.5826388888888888,0.37309027777777776,0.9487847222222222,0.234375,False,False,0.006250000000000089,961.0
validation,2026-01-15,2026-01-14 00:00:00,5621.9,0.5741319444444444,0.37309027777777776,0.9487847222222222,0.234375,False,False,0.01475694444444453,985.0
validation,2026-01-16,2026-01-15 00:00:00,4998.0,0.5104166666666666,0.37309027777777776,0.9487847222222222,0.140625,False,False,0.0032986111111110716,1009.0
validation,2026-01-17,2026-01-16 00:00:00,4584.9,0.46822916666666664,0.37309027777777776,0.9487847222222222,0.078125,False,False,0.00434027777777779,1033.0
validation,2026-01-18,2026-01-17 00:00:00,4771.9,0.48732638888888885,0.37309027777777776,0.9487847222222222,0.09375,False,False,0.0013888888888889395,1057.0
validation,2026-01-19,2026-01-18 00:00:00,5492.7,0.5609375,0.37309027777777776,0.9487847222222222,0.234375,False,False,0.002083333333333326,1081.0
validation,2026-01-20,2026-01-19 00:00:00,6075.799999999999,0.6204861111111111,0.37309027777777776,0.9487847222222222,0.359375,False,False,0.0015624999999999112,1105.0
validation,2026-01-21,2026-01-20 00:00:00,3585.3,0.36614583333333334,0.37309027777777776,0.9487847222222222,0.0,True,False,0.00694444444444442,1129.0
validation,2026-01-22,2026-01-21 00:00:00,2091.0,0.21354166666666666,0.37309027777777776,0.9487847222222222,0.0,True,False,0.1595486111111111,1153.0
validation,2026-01-23,2026-01-22 00:00:00,4681.799999999999,0.4781249999999999,0.37309027777777776,0.9487847222222222,0.078125,False,False,0.00572916666666673,1177.0
validation,2026-01-24,2026-01-23 00:00:00,5156.099999999999,0.5265624999999999,0.37309027777777776,0.9487847222222222,0.1875,False,False,0.0010416666666666075,1201.0
validation,2026-01-25,2026-01-24 00:00:00,5783.4,0.590625,0.37309027777777776,0.9487847222222222,0.25,False,False,0.0012152777777778567,1225.0
validation,2026-01-26,2026-01-25 00:00:00,5200.3,0.5310763888888889,0.37309027777777776,0.9487847222222222,0.1875,False,False,0.005555555555555536,1249.0
validation,2026-01-27,2026-01-26 00:00:00,3371.1,0.3442708333333333,0.37309027777777776,0.9487847222222222,0.0,True,False,0.028819444444444453,1273.0
validation,2026-01-28,2026-01-27 00:00:00,4896.0,0.5,0.37309027777777776,0.9487847222222222,0.109375,False,False,0.004166666666666652,1297.0
validation,2026-01-29,2026-01-28 00:00:00,3182.3999999999996,0.32499999999999996,0.37309027777777776,0.9487847222222222,0.0,True,False,0.0480902777777778,1321.0
validation,2026-01-30,2026-01-29 00:00:00,4952.1,0.5057291666666667,0.37309027777777776,0.9487847222222222,0.140625,False,False,0.0010416666666667185,1345.0
validation,2026-01-31,2026-01-30 00:00:00,2529.6,0.2583333333333333,0.37309027777777776,0.9487847222222222,0.0,True,False,0.11475694444444445,1369.0
validation,2026-02-01,2026-01-31 00:00:00,4584.9,0.46822916666666664,0.37309027777777776,0.9487847222222222,0.078125,False,False,0.00434027777777779,1393.0
validation,2026-02-02,2026-02-01 00:00:00,5642.299999999999,0.5762152777777777,0.37309027777777776,0.9487847222222222,0.234375,False,False,0.012673611111111205,1417.0
validation,2026-02-03,2026-02-02 00:00:00,6327.4,0.6461805555555555,0.37309027777777776,0.9487847222222222,0.421875,False,False,0.00017361111111113825,1441.0
validation,2026-02-04,2026-02-03 00:00:00,6711.5999999999985,0.6854166666666666,0.37309027777777776,0.9487847222222222,0.53125,False,False,0.0032986111111110716,1465.0
validation,2026-02-05,2026-02-04 00:00:00,5239.4,0.5350694444444444,0.37309027777777776,0.9487847222222222,0.1875,False,False,0.0017361111111111605,1489.0
validation,2026-02-06,2026-02-05 00:00:00,5304.0,0.5416666666666666,0.37309027777777776,0.9487847222222222,0.203125,False,False,0.004861111111111094,1513.0
validation,2026-02-07,2026-02-06 00:00:00,5851.4,0.5975694444444444,0.37309027777777776,0.9487847222222222,0.265625,False,False,0.00347222222222221,1537.0
validation,2026-02-08,2026-02-07 00:00:00,6188.0,0.6319444444444444,0.37309027777777776,0.9487847222222222,0.375,False,False,0.00017361111111113825,1561.0
validation,2026-02-09,2026-02-08 00:00:00,5620.200000000002,0.5739583333333335,0.37309027777777776,0.9487847222222222,0.234375,False,False,0.014930555555555447,1585.0
validation,2026-02-10,2026-02-09 00:00:00,4331.6,0.44236111111111115,0.37309027777777776,0.9487847222222222,0.046875,False,False,0.012673611111111038,1609.0
validation,2026-02-11,2026-02-10 00:00:00,5004.800000000001,0.5111111111111112,0.37309027777777776,0.9487847222222222,0.140625,False,False,0.0026041666666665186,1633.0
validation,2026-02-12,2026-02-11 00:00:00,3457.7999999999997,0.35312499999999997,0.37309027777777776,0.9487847222222222,0.0,True,False,0.01996527777777779,1657.0
validation,2026-02-13,2026-02-12 00:00:00,1999.1999999999996,0.20416666666666664,0.37309027777777776,0.9487847222222222,0.0,True,False,0.16892361111111112,1681.0
validation,2026-02-14,2026-02-13 00:00:00,6354.6,0.6489583333333334,0.37309027777777776,0.9487847222222222,0.4375,False,False,0.0026041666666667407,1705.0
validation,2026-02-15,2026-02-14 00:00:00,7175.7,0.7328125,0.37309027777777776,0.9487847222222222,0.671875,False,False,0.0017361111111111605,1729.0
validation,2026-02-16,2026-02-15 00:00:00,5926.2,0.6052083333333333,0.37309027777777776,0.9487847222222222,0.296875,False,False,0.00347222222222221,1753.0
validation,2026-02-17,2026-02-16 00:00:00,5990.799999999999,0.6118055555555555,0.37309027777777776,0.9487847222222222,0.3125,False,False,0.0008680555555555802,1777.0
validation,2026-02-18,2026-02-17 00:00:00,6436.2,0.6572916666666666,0.37309027777777776,0.9487847222222222,0.4375,False,False,0.009375000000000022,1801.0
validation,2026-02-19,2026-02-18 00:00:00,7558.199999999999,0.7718749999999999,0.37309027777777776,0.9487847222222222,0.75,False,False,0.0012152777777778567,1825.0
validation,2026-02-20,2026-02-19 00:00:00,6783.0,0.6927083333333334,0.37309027777777776,0.9487847222222222,0.53125,False,False,0.0017361111111110494,1849.0
validation,2026-02-21,2026-02-20 00:00:00,7780.9,0.7946180555555555,0.37309027777777776,0.9487847222222222,0.828125,False,False,0.004166666666666652,1873.0
validation,2026-02-22,2026-02-21 00:00:00,6585.799999999999,0.6725694444444443,0.37309027777777776,0.9487847222222222,0.46875,False,False,0.0038194444444444864,1897.0
validation,2026-02-23,2026-02-22 00:00:00,7384.799999999998,0.7541666666666665,0.37309027777777776,0.9487847222222222,0.734375,False,False,0.0078125,1921.0
validation,2026-02-24,2026-02-23 00:00:00,7641.5,0.7803819444444444,0.37309027777777776,0.9487847222222222,0.78125,False,False,0.001388888888888884,1945.0
validation,2026-02-25,2026-02-24 00:00:00,6184.599999999999,0.6315972222222221,0.37309027777777776,0.9487847222222222,0.375,False,False,0.0005208333333334147,1969.0
validation,2026-02-26,2026-02-25 00:00:00,8425.2,0.8604166666666667,0.37309027777777776,0.9487847222222222,0.9375,False,False,0.014236111111111227,1993.0
validation,2026-02-27,2026-02-26 00:00:00,8287.5,0.8463541666666666,0.37309027777777776,0.9487847222222222,0.9375,False,False,0.00017361111111113825,2017.0
validation,2026-02-28,2026-02-27 00:00:00,7770.700000000001,0.7935763888888889,0.37309027777777776,0.9487847222222222,0.828125,False,False,0.0031250000000000444,2041.0
validation,2026-03-01,2026-02-28 00:00:00,7604.099999999999,0.7765624999999999,0.37309027777777776,0.9487847222222222,0.78125,False,False,0.0010416666666664964,2065.0
validation,2026-03-02,2026-03-01 00:00:00,8421.8,0.8600694444444443,0.37309027777777776,0.9487847222222222,0.9375,False,False,0.01388888888888884,2089.0
validation,2026-03-03,2026-03-02 00:00:00,8794.1,0.8980902777777778,0.37309027777777776,0.9487847222222222,0.953125,False,False,0.0032986111111112937,2113.0
validation,2026-03-04,2026-03-03 00:00:00,7969.6,0.8138888888888889,0.37309027777777776,0.9487847222222222,0.890625,False,False,0.005555555555555425,2137.0
validation,2026-03-05,2026-03-04 00:00:00,8957.3,0.9147569444444443,0.37309027777777776,0.9487847222222222,0.953125,False,False,0.0012152777777777457,2161.0
validation,2026-03-06,2026-03-05 00:00:00,7745.2,0.7909722222222222,0.37309027777777776,0.9487847222222222,0.828125,False,False,0.0005208333333333037,2185.0
validation,2026-03-07,2026-03-06 00:00:00,7590.500000000001,0.7751736111111112,0.37309027777777776,0.9487847222222222,0.765625,False,False,0.0003472222222222765,2209.0
validation,2026-03-08,2026-03-07 00:00:00,9152.8,0.9347222222222221,0.37309027777777776,0.9487847222222222,0.984375,False,False,0.012326388888888928,2233.0
validation,2026-03-09,2026-03-08 00:00:00,8399.699999999999,0.8578124999999999,0.37309027777777776,0.9487847222222222,0.9375,False,False,0.011631944444444375,2257.0
validation,2026-03-10,2026-03-09 00:00:00,9288.8,0.9486111111111111,0.37309027777777776,0.9487847222222222,0.984375,False,False,0.00017361111111113825,2281.0
validation,2026-03-11,2026-03-10 00:00:00,9108.6,0.9302083333333334,0.37309027777777776,0.9487847222222222,0.984375,False,False,0.007812500000000222,2305.0
validation,2026-03-12,2026-03-11 00:00:00,8840.0,0.9027777777777778,0.37309027777777776,0.9487847222222222,0.953125,False,False,0.00798611111111125,2329.0
validation,2026-03-13,2026-03-12 00:00:00,9273.5,0.9470486111111112,0.37309027777777776,0.9487847222222222,0.984375,False,False,0.0017361111111110494,2353.0
validation,2026-03-14,2026-03-13 00:00:00,6028.2,0.615625,0.37309027777777776,0.9487847222222222,0.328125,False,False,0.0008680555555555802,2377.0
validation,2026-03-15,2026-03-14 00:00:00,8177.0,0.8350694444444444,0.37309027777777776,0.9487847222222222,0.90625,False,False,0.002083333333333326,2401.0
validation,2026-03-16,2026-03-15 00:00:00,8525.5,0.8706597222222222,0.37309027777777776,0.9487847222222222,0.9375,False,False,0.02413194444444433,2425.0
validation,2026-03-17,2026-03-16 00:00:00,9751.2,0.9958333333333335,0.37309027777777776,0.9487847222222222,1.0,False,True,0.04704861111111125,2449.0
validation,2026-03-18,2026-03-17 00:00:00,5122.1,0.5230902777777778,0.37309027777777776,0.9487847222222222,0.171875,False,False,0.0024305555555554914,2473.0
validation,2026-03-19,2026-03-18 00:00:00,6815.299999999999,0.6960069444444443,0.37309027777777776,0.9487847222222222,0.5625,False,False,0.001388888888888773,2497.0
validation,2026-03-20,2026-03-19 00:00:00,6301.900000000001,0.6435763888888889,0.37309027777777776,0.9487847222222222,0.40625,False,False,0.000694444444444442,2521.0
validation,2026-03-21,2026-03-20 00:00:00,6653.8,0.6795138888888889,0.37309027777777776,0.9487847222222222,0.5,False,False,0.0,2545.0
validation,2026-03-22,2026-03-21 00:00:00,8024.0,0.8194444444444444,0.37309027777777776,0.9487847222222222,0.890625,False,False,0.01111111111111096,2569.0
validation,2026-03-23,2026-03-22 00:00:00,8238.199999999999,0.8413194444444443,0.37309027777777776,0.9487847222222222,0.921875,False,False,0.0015624999999999112,2593.0
validation,2026-03-24,2026-03-23 00:00:00,8085.200000000001,0.8256944444444445,0.37309027777777776,0.9487847222222222,0.890625,False,False,0.007291666666666585,2617.0
validation,2026-03-25,2026-03-24 00:00:00,9297.3,0.9494791666666665,0.37309027777777776,0.9487847222222222,1.0,False,True,0.000694444444444331,2641.0
validation,2026-03-26,2026-03-25 00:00:00,8846.8,0.9034722222222221,0.37309027777777776,0.9487847222222222,0.953125,False,False,0.00868055555555558,2665.0
validation,2026-03-27,2026-03-26 00:00:00,8926.7,0.9116319444444445,0.37309027777777776,0.9487847222222222,0.953125,False,False,0.004340277777777568,2689.0
validation,2026-03-28,2026-03-27 00:00:00,7927.099999999999,0.8095486111111111,0.37309027777777776,0.9487847222222222,0.890625,False,False,0.0012152777777776347,2713.0
validation,2026-03-29,2026-03-28 00:00:00,9139.199999999999,0.9333333333333332,0.37309027777777776,0.9487847222222222,0.984375,False,False,0.010937500000000044,2737.0
validation,2026-03-30,2026-03-29 00:00:00,9803.900000000001,1.0012152777777779,0.37309027777777776,0.9487847222222222,1.0,False,True,0.05243055555555565,2761.0
validation,2026-03-31,2026-03-30 00:00:00,9917.8,1.0128472222222222,0.37309027777777776,0.9487847222222222,1.0,False,True,0.06406250000000002,2785.0
validation,2026-04-01,2026-03-31 00:00:00,6451.5,0.6588541666666666,0.37309027777777776,0.9487847222222222,0.4375,False,False,0.0078125,2809.0
validation,2026-04-02,2026-04-01 00:00:00,10162.599999999999,1.0378472222222221,0.37309027777777776,0.9487847222222222,1.0,False,True,0.08906249999999993,2833.0
validation,2026-04-03,2026-04-02 00:00:00,10296.9,1.0515625,0.37309027777777776,0.9487847222222222,1.0,False,True,0.10277777777777775,2857.0
validation,2026-04-04,2026-04-03 00:00:00,8964.1,0.9154513888888889,0.37309027777777776,0.9487847222222222,0.953125,False,False,0.0005208333333331927,2881.0
validation,2026-04-05,2026-04-04 00:00:00,9146.0,0.9340277777777778,0.37309027777777776,0.9487847222222222,0.984375,False,False,0.011631944444444597,2905.0
validation,2026-04-06,2026-04-05 00:00:00,10424.4,1.0645833333333332,0.37309027777777776,0.9487847222222222,1.0,False,True,0.115798611111111,2929.0
validation,2026-04-07,2026-04-06 00:00:00,9878.699999999999,1.0088541666666666,0.37309027777777776,0.9487847222222222,1.0,False,True,0.0600694444444444,2953.0
validation,2026-04-08,2026-04-07 00:00:00,10162.599999999999,1.0378472222222221,0.37309027777777776,0.9487847222222222,1.0,False,True,0.08906249999999993,2977.0
validation,2026-04-09,2026-04-08 00:00:00,10655.6,1.0881944444444445,0.37309027777777776,0.9487847222222222,1.0,False,True,0.13940972222222225,3001.0
validation,2026-04-10,2026-04-09 00:00:00,11141.8,1.1378472222222222,0.37309027777777776,0.9487847222222222,1.0,False,True,0.18906250000000002,3025.0
validation,2026-04-11,2026-04-10 00:00:00,10825.6,1.1055555555555556,0.37309027777777776,0.9487847222222222,1.0,False,True,0.15677083333333341,3049.0
validation,2026-04-12,2026-04-11 00:00:00,11172.4,1.1409722222222223,0.37309027777777776,0.9487847222222222,1.0,False,True,0.19218750000000007,3073.0
validation,2026-04-13,2026-04-12 00:00:00,11588.9,1.1835069444444444,0.37309027777777776,0.9487847222222222,1.0,False,True,0.23472222222222217,3097.0
validation,2026-04-14,2026-04-13 00:00:00,10325.8,1.0545138888888888,0.37309027777777776,0.9487847222222222,1.0,False,True,0.10572916666666654,3121.0
validation,2026-04-15,2026-04-14 00:00:00,8443.899999999998,0.8623263888888887,0.37309027777777776,0.9487847222222222,0.9375,False,False,0.016145833333333193,3145.0
validation,2026-04-16,2026-04-15 00:00:00,11522.599999999999,1.176736111111111,0.37309027777777776,0.9487847222222222,1.0,False,True,0.22795138888888877,3169.0
validation,2026-04-17,2026-04-16 00:00:00,9924.599999999999,1.0135416666666666,0.37309027777777776,0.9487847222222222,1.0,False,True,0.06475694444444435,3193.0
validation,2026-04-18,2026-04-17 00:00:00,8013.8,0.8184027777777778,0.37309027777777776,0.9487847222222222,0.890625,False,False,0.010069444444444353,3217.0
validation,2026-04-19,2026-04-18 00:00:00,9683.2,0.9888888888888889,0.37309027777777776,0.9487847222222222,1.0,False,True,0.04010416666666672,3241.0
validation,2026-04-20,2026-04-19 00:00:00,11952.699999999999,1.2206597222222222,0.37309027777777776,0.9487847222222222,1.0,False,True,0.271875,3265.0
validation,2026-04-21,2026-04-20 00:00:00,11723.199999999999,1.1972222222222222,0.37309027777777776,0.9487847222222222,1.0,False,True,0.24843749999999998,3289.0
validation,2026-04-22,2026-04-21 00:00:00,11842.2,1.209375,0.37309027777777776,0.9487847222222222,1.0,False,True,0.2605902777777779,3313.0
validation,2026-04-23,2026-04-22 00:00:00,11794.599999999999,1.2045138888888887,0.37309027777777776,0.9487847222222222,1.0,False,True,0.25572916666666645,3337.0
validation,2026-04-24,2026-04-23 00:00:00,11565.099999999999,1.1810763888888887,0.37309027777777776,0.9487847222222222,1.0,False,True,0.23229166666666645,3361.0
validation,2026-04-25,2026-04-24 00:00:00,7624.5,0.7786458333333334,0.37309027777777776,0.9487847222222222,0.78125,False,False,0.0031249999999999334,3385.0
validation,2026-04-26,2026-04-25 00:00:00,11876.199999999999,1.2128472222222222,0.37309027777777776,0.9487847222222222,1.0,False,True,0.2640625,3409.0
validation,2026-04-27,2026-04-26 00:00:00,11053.399999999998,1.1288194444444442,0.37309027777777776,0.9487847222222222,1.0,False,True,0.18003472222222194,3433.0
validation,2026-04-28,2026-04-27 00:00:00,12200.9,1.2460069444444444,0.37309027777777776,0.9487847222222222,1.0,False,True,0.29722222222222217,3457.0
validation,2026-04-29,2026-04-28 00:00:00,12092.099999999997,1.234895833333333,0.37309027777777776,0.9487847222222222,1.0,False,True,0.28611111111111087,3481.0
validation,2026-04-30,2026-04-29 00:00:00,12423.6,1.26875,0.37309027777777776,0.9487847222222222,1.0,False,True,0.31996527777777783,3505.0
validation,2026-05-01,2026-04-30 00:00:00,12318.2,1.2579861111111112,0.37309027777777776,0.9487847222222222,1.0,False,True,0.30920138888888904,3529.0
validation,2026-05-02,2026-05-01 00:00:00,6907.1,0.7053819444444445,0.37309027777777776,0.9487847222222222,0.59375,False,False,0.0008680555555555802,3553.0
validation,2026-05-03,2026-05-02 00:00:00,2697.899999999999,0.27552083333333327,0.37309027777777776,0.9487847222222222,0.0,True,False,0.09756944444444449,3577.0
test,2026-05-03,2026-05-02 00:00:00,2697.899999999999,0.27552083333333327,0.615625,1.26875,0.0,True,False,0.3401041666666667,1.0
test,2026-05-04,2026-05-03 00:00:00,9934.8,1.0145833333333332,0.615625,1.26875,0.65625,False,False,0.0010416666666666075,25.0
test,2026-05-05,2026-05-04 00:00:00,11854.1,1.2105902777777777,0.615625,1.26875,0.90625,False,False,0.0012152777777776347,49.0
test,2026-05-06,2026-05-05 00:00:00,12459.3,1.2723958333333332,0.615625,1.26875,1.0,False,True,0.003645833333333126,73.0
test,2026-05-07,2026-05-06 00:00:00,12875.800000000001,1.3149305555555557,0.615625,1.26875,1.0,False,True,0.04618055555555567,97.0
test,2026-05-08,2026-05-07 00:00:00,12629.3,1.2897569444444443,0.615625,1.26875,1.0,False,True,0.021006944444444287,121.0
test,2026-05-09,2026-05-08 00:00:00,12879.2,1.3152777777777778,0.615625,1.26875,1.0,False,True,0.046527777777777724,145.0
test,2026-05-10,2026-05-09 00:00:00,13139.300000000001,1.3418402777777778,0.615625,1.26875,1.0,False,True,0.07309027777777777,169.0
test,2026-05-11,2026-05-10 00:00:00,13015.199999999999,1.3291666666666666,0.615625,1.26875,1.0,False,True,0.06041666666666656,193.0
test,2026-05-12,2026-05-11 00:00:00,12853.699999999999,1.312673611111111,0.615625,1.26875,1.0,False,True,0.04392361111111098,217.0
test,2026-05-13,2026-05-12 00:00:00,12914.900000000001,1.3189236111111113,0.615625,1.26875,1.0,False,True,0.050173611111111294,241.0
test,2026-05-14,2026-05-13 00:00:00,12115.9,1.2373263888888888,0.615625,1.26875,0.953125,False,False,0.0024305555555557135,265.0
test,2026-05-15,2026-05-14 00:00:00,12751.7,1.3022569444444445,0.615625,1.26875,1.0,False,True,0.033506944444444464,289.0
test,2026-05-16,2026-05-15 00:00:00,12712.599999999999,1.2982638888888887,0.615625,1.26875,1.0,False,True,0.029513888888888618,313.0
test,2026-05-17,2026-05-16 00:00:00,13423.2,1.3708333333333333,0.615625,1.26875,1.0,False,True,0.1020833333333333,337.0
test,2026-05-18,2026-05-17 00:00:00,13392.6,1.3677083333333333,0.615625,1.26875,1.0,False,True,0.09895833333333326,361.0
test,2026-05-19,2026-05-18 00:00:00,12979.499999999996,1.325520833333333,0.615625,1.26875,1.0,False,True,0.05677083333333299,385.0
test,2026-05-20,2026-05-19 00:00:00,12308.0,1.2569444444444444,0.615625,1.26875,0.96875,False,False,0.0010416666666668295,409.0
test,2026-05-21,2026-05-20 00:00:00,13222.599999999999,1.3503472222222221,0.615625,1.26875,1.0,False,True,0.0815972222222221,433.0
test,2026-05-22,2026-05-21 00:00:00,12226.4,1.2486111111111111,0.615625,1.26875,0.96875,False,False,0.0026041666666667407,457.0
test,2026-05-23,2026-05-22 00:00:00,13190.3,1.347048611111111,0.615625,1.26875,1.0,False,True,0.07829861111111103,481.0
test,2026-05-24,2026-05-23 00:00:00,11957.8,1.2211805555555555,0.615625,1.26875,0.9375,False,False,0.0005208333333333037,505.0
test,2026-05-25,2026-05-24 00:00:00,12105.699999999999,1.2362847222222222,0.615625,1.26875,0.953125,False,False,0.001388888888889106,529.0
test,2026-05-26,2026-05-25 00:00:00,12904.7,1.3178819444444445,0.615625,1.26875,1.0,False,True,0.049131944444444464,553.0
test,2026-05-27,2026-05-26 00:00:00,13452.099999999999,1.3737847222222221,0.615625,1.26875,1.0,False,True,0.1050347222222221,577.0
test,2026-05-28,2026-05-27 00:00:00,13462.3,1.3748263888888888,0.615625,1.26875,1.0,False,True,0.1060763888888887,601.0
test,2026-05-29,2026-05-28 00:00:00,13061.1,1.3338541666666668,0.615625,1.26875,1.0,False,True,0.06510416666666674,625.0
test,2026-05-30,2026-05-29 00:00:00,13633.999999999998,1.392361111111111,0.615625,1.26875,1.0,False,True,0.1236111111111109,649.0
test,2026-05-31,2026-05-30 00:00:00,12969.3,1.3244791666666667,0.615625,1.26875,1.0,False,True,0.05572916666666661,673.0
test,2026-06-01,2026-05-31 00:00:00,13834.600000000002,1.4128472222222224,0.615625,1.26875,1.0,False,True,0.14409722222222232,697.0
test,2026-06-02,2026-06-01 00:00:00,14191.599999999999,1.4493055555555554,0.615625,1.26875,1.0,False,True,0.18055555555555536,721.0
test,2026-06-03,2026-06-02 00:00:00,14244.3,1.4546875,0.615625,1.26875,1.0,False,True,0.18593749999999987,745.0
test,2026-06-04,2026-06-03 00:00:00,14295.3,1.4598958333333332,0.615625,1.26875,1.0,False,True,0.19114583333333313,769.0
test,2026-06-05,2026-06-04 00:00:00,14264.7,1.4567708333333333,0.615625,1.26875,1.0,False,True,0.1880208333333333,793.0
test,2026-06-06,2026-06-05 00:00:00,13902.599999999999,1.4197916666666666,0.615625,1.26875,1.0,False,True,0.15104166666666652,817.0
test,2026-06-07,2026-06-06 00:00:00,13509.9,1.3796875,0.615625,1.26875,1.0,False,True,0.11093749999999991,841.0
test,2026-06-08,2026-06-07 00:00:00,13948.5,1.4244791666666667,0.615625,1.26875,1.0,False,True,0.1557291666666667,865.0
test,2026-06-09,2026-06-08 00:00:00,14011.399999999998,1.4309027777777776,0.615625,1.26875,1.0,False,True,0.1621527777777776,889.0
test,2026-06-10,2026-06-09 00:00:00,13695.2,1.3986111111111112,0.615625,1.26875,1.0,False,True,0.1298611111111112,913.0
test,2026-06-11,2026-06-10 00:00:00,13917.9,1.4213541666666667,0.615625,1.26875,1.0,False,True,0.15260416666666665,937.0
test,2026-06-12,2026-06-11 00:00:00,13790.4,1.4083333333333332,0.615625,1.26875,1.0,False,True,0.13958333333333317,961.0
test,2026-06-13,2026-06-12 00:00:00,13549.0,1.3836805555555556,0.615625,1.26875,1.0,False,True,0.11493055555555554,985.0
test,2026-06-14,2026-06-13 00:00:00,13222.599999999999,1.3503472222222221,0.615625,1.26875,1.0,False,True,0.0815972222222221,1009.0
test,2026-06-15,2026-06-14 00:00:00,13450.4,1.3736111111111111,0.615625,1.26875,1.0,False,True,0.10486111111111107,1033.0
test,2026-06-16,2026-06-15 00:00:00,14059.0,1.4357638888888888,0.615625,1.26875,1.0,False,True,0.1670138888888888,1057.0
test,2026-06-17,2026-06-16 00:00:00,14070.9,1.4369791666666667,0.615625,1.26875,1.0,False,True,0.16822916666666665,1081.0
test,2026-06-18,2026-06-17 00:00:00,13873.7,1.4168402777777778,0.615625,1.26875,1.0,False,True,0.14809027777777772,1105.0
test,2026-06-19,2026-06-18 00:00:00,12603.800000000001,1.2871527777777778,0.615625,1.26875,1.0,False,True,0.018402777777777768,1129.0
test,2026-06-20,2026-06-19 00:00:00,13525.199999999999,1.3812499999999999,0.615625,1.26875,1.0,False,True,0.11249999999999982,1153.0
test,2026-06-21,2026-06-20 00:00:00,14052.2,1.4350694444444445,0.615625,1.26875,1.0,False,True,0.16631944444444446,1177.0
test,2026-06-22,2026-06-21 00:00:00,13868.599999999999,1.4163194444444442,0.615625,1.26875,1.0,False,True,0.1475694444444442,1201.0
test,2026-06-23,2026-06-22 00:00:00,13984.2,1.428125,0.615625,1.26875,1.0,False,True,0.15937500000000004,1225.0
test,2026-06-24,2026-06-23 00:00:00,14123.6,1.4423611111111112,0.615625,1.26875,1.0,False,True,0.17361111111111116,1249.0
test,2026-06-25,2026-06-24 00:00:00,14419.4,1.4725694444444444,0.615625,1.26875,1.0,False,True,0.20381944444444433,1273.0
test,2026-06-26,2026-06-25 00:00:00,13822.699999999999,1.4116319444444443,0.615625,1.26875,1.0,False,True,0.14288194444444424,1297.0
test,2026-06-27,2026-06-26 00:00:00,13722.400000000001,1.401388888888889,0.615625,1.26875,1.0,False,True,0.13263888888888897,1321.0
test,2026-06-28,2026-06-27 00:00:00,13555.8,1.384375,0.615625,1.26875,1.0,False,True,0.11562499999999987,1345.0
test,2026-06-29,2026-06-28 00:00:00,14268.1,1.4571180555555556,0.615625,1.26875,1.0,False,True,0.18836805555555558,1369.0
test,2026-06-30,2026-06-29 00:00:00,14337.8,1.464236111111111,0.615625,1.26875,1.0,False,True,0.19548611111111103,1393.0
test,2026-07-01,2026-06-30 00:00:00,14240.899999999998,1.4543402777777776,0.615625,1.26875,1.0,False,True,0.1855902777777776,1417.0
test,2026-07-02,2026-07-01 00:00:00,13866.9,1.4161458333333332,0.615625,1.26875,1.0,False,True,0.14739583333333317,1441.0
test,2026-07-03,2026-07-02 00:00:00,13763.199999999999,1.4055555555555554,0.615625,1.26875,1.0,False,True,0.1368055555555554,1465.0
test,2026-07-04,2026-07-03 00:00:00,13868.599999999999,1.4163194444444442,0.615625,1.26875,1.0,False,True,0.1475694444444442,1489.0
test,2026-07-05,2026-07-04 00:00:00,13696.9,1.3987847222222223,0.615625,1.26875,1.0,False,True,0.13003472222222223,1513.0
test,2026-07-06,2026-07-05 00:00:00,12620.8,1.2888888888888888,0.615625,1.26875,1.0,False,True,0.020138888888888706,1537.0
test,2026-07-07,2026-07-06 00:00:00,13669.699999999999,1.3960069444444443,0.615625,1.26875,1.0,False,True,0.12725694444444424,1561.0
test,2026-07-08,2026-07-07 00:00:00,13812.499999999998,1.4105902777777777,0.615625,1.26875,1.0,False,True,0.14184027777777763,1585.0
test,2026-07-09,2026-07-08 00:00:00,13894.099999999999,1.418923611111111,0.615625,1.26875,1.0,False,True,0.15017361111111094,1609.0
test,2026-07-10,2026-07-09 00:00:00,13928.099999999997,1.422395833333333,0.615625,1.26875,1.0,False,True,0.15364583333333304,1633.0
test,2026-07-11,2026-07-10 00:00:00,14052.199999999999,1.4350694444444443,0.615625,1.26875,1.0,False,True,0.16631944444444424,1657.0
test,2026-07-12,2026-07-11 00:00:00,13888.999999999998,1.4184027777777777,0.615625,1.26875,1.0,False,True,0.14965277777777763,1681.0
test,2026-07-13,2026-07-12 00:00:00,13962.099999999999,1.4258680555555554,0.615625,1.26875,1.0,False,True,0.15711805555555536,1705.0
test,2026-07-14,2026-07-13 00:00:00,13945.1,1.4241319444444445,0.615625,1.26875,1.0,False,True,0.15538194444444442,1729.0
test,2026-07-15,2026-07-14 00:00:00,13695.2,1.3986111111111112,0.615625,1.26875,1.0,False,True,0.1298611111111112,1753.0
test,2026-07-16,2026-07-15 00:00:00,13666.3,1.3956597222222222,0.615625,1.26875,1.0,False,True,0.1269097222222222,1777.0
test,2026-07-17,2026-07-16 00:00:00,13702.0,1.3993055555555556,0.615625,1.26875,1.0,False,True,0.13055555555555554,1801.0
test,2026-07-18,2026-07-17 00:00:00,13564.3,1.3852430555555555,0.615625,1.26875,1.0,False,True,0.11649305555555545,1825.0
test,2026-07-19,2026-07-18 00:00:00,13600.0,1.3888888888888888,0.615625,1.26875,1.0,False,True,0.1201388888888888,1849.0
test,2026-07-20,2026-07-19 00:00:00,13605.099999999999,1.3894097222222221,0.615625,1.26875,1.0,False,True,0.1206597222222221,1873.0
test,2026-07-21,2026-07-20 00:00:00,13627.2,1.3916666666666668,0.615625,1.26875,1.0,False,True,0.12291666666666679,1897.0
test,2026-07-22,2026-07-21 00:00:00,13669.699999999999,1.3960069444444443,0.615625,1.26875,1.0,False,True,0.12725694444444424,1921.0
test,2026-07-23,2026-07-22 00:00:00,13829.5,1.4123263888888888,0.615625,1.26875,1.0,False,True,0.1435763888888888,1945.0
test,2026-07-24,2026-07-23 00:00:00,13061.099999999999,1.3338541666666666,0.615625,1.26875,1.0,False,True,0.06510416666666652,1969.0
test,2026-07-25,2026-07-24 00:00:00,12795.9,1.3067708333333332,0.615625,1.26875,1.0,False,True,0.03802083333333317,1993.0
test,2026-07-26,2026-07-25 00:00:00,12908.1,1.3182291666666668,0.615625,1.26875,1.0,False,True,0.04947916666666674,2017.0
test,2026-07-27,2026-07-26 00:00:00,13722.4,1.4013888888888888,0.615625,1.26875,1.0,False,True,0.13263888888888875,2041.0
test,2026-07-28,2026-07-27 00:00:00,13676.5,1.3967013888888888,0.615625,1.26875,1.0,False,True,0.1279513888888888,2065.0
test,2026-07-29,2026-07-28 00:00:00,13526.900000000001,1.3814236111111113,0.615625,1.26875,1.0,False,True,0.1126736111111113,2089.0
test,2026-07-30,2026-07-29 00:00:00,13547.3,1.3835069444444443,0.615625,1.26875,1.0,False,True,0.11475694444444429,2113.0
test,2026-07-31,2026-07-30 00:00:00,13596.599999999999,1.3885416666666666,0.615625,1.26875,1.0,False,True,0.11979166666666652,2137.0
test,2026-08-01,2026-07-31 00:00:00,13605.099999999999,1.3894097222222221,0.615625,1.26875,1.0,False,True,0.1206597222222221,2161.0
test,2026-08-02,2026-08-01 00:00:00,13724.1,1.4015625,0.615625,1.26875,1.0,False,True,0.1328125,2185.0
test,2026-08-03,2026-08-02 00:00:00,13418.1,1.3703125,0.615625,1.26875,1.0,False,True,0.1015625,2209.0
test,2026-08-04,2026-08-03 00:00:00,13362.0,1.3645833333333333,0.615625,1.26875,1.0,False,True,0.09583333333333321,2233.0
test,2026-08-05,2026-08-04 00:00:00,13086.599999999997,1.336458333333333,0.615625,1.26875,1.0,False,True,0.06770833333333304,2257.0
test,2026-08-06,2026-08-05 00:00:00,12653.099999999999,1.2921874999999998,0.615625,1.26875,1.0,False,True,0.023437499999999778,2281.0
test,2026-08-07,2026-08-06 00:00:00,12542.6,1.2809027777777777,0.615625,1.26875,1.0,False,True,0.012152777777777679,2305.0
test,2026-08-08,2026-08-07 00:00:00,13180.1,1.3460069444444445,0.615625,1.26875,1.0,False,True,0.07725694444444442,2329.0
test,2026-08-09,2026-08-08 00:00:00,13163.099999999997,1.344270833333333,0.615625,1.26875,1.0,False,True,0.07552083333333304,2353.0
test,2026-08-10,2026-08-09 00:00:00,13018.599999999999,1.3295138888888887,0.615625,1.26875,1.0,False,True,0.06076388888888862,2377.0
test,2026-08-11,2026-08-10 00:00:00,12688.8,1.2958333333333332,0.615625,1.26875,1.0,False,True,0.027083333333333126,2401.0
test,2026-08-12,2026-08-11 00:00:00,12353.900000000001,1.2616319444444446,0.615625,1.26875,0.984375,False,False,0.003645833333333348,2425.0
test,2026-08-13,2026-08-12 00:00:00,12287.599999999999,1.254861111111111,0.615625,1.26875,0.96875,False,False,0.0031250000000002665,2449.0
test,2026-08-14,2026-08-13 00:00:00,11724.9,1.1973958333333332,0.615625,1.26875,0.875,False,False,0.00017361111111102723,2473.0
test,2026-08-15,2026-08-14 00:00:00,12182.199999999999,1.2440972222222222,0.615625,1.26875,0.953125,False,False,0.0019097222222221877,2497.0
test,2026-08-16,2026-08-15 00:00:00,12360.7,1.262326388888889,0.615625,1.26875,0.984375,False,False,0.004340277777777679,2521.0
test,2026-08-17,2026-08-16 00:00:00,11794.6,1.2045138888888889,0.615625,1.26875,0.890625,False,False,2.220446049250313e-16,2545.0
test,2026-08-18,2026-08-17 00:00:00,11910.199999999999,1.2163194444444443,0.615625,1.26875,0.921875,False,False,0.003472222222222099,2569.0
test,2026-08-19,2026-08-18 00:00:00,12238.3,1.2498263888888888,0.615625,1.26875,0.96875,False,False,0.0038194444444443754,2593.0
test,2026-08-20,2026-08-19 00:00:00,12367.5,1.2630208333333333,0.615625,1.26875,0.984375,False,False,0.00503472222222201,2617.0
test,2026-08-21,2026-08-20 00:00:00,12498.400000000001,1.276388888888889,0.615625,1.26875,1.0,False,True,0.007638888888888973,2641.0
test,2026-08-22,2026-08-21 00:00:00,12461.0,1.2725694444444444,0.615625,1.26875,1.0,False,True,0.0038194444444443754,2665.0
test,2026-08-23,2026-08-22 00:00:00,12226.4,1.2486111111111111,0.615625,1.26875,0.96875,False,False,0.0026041666666667407,2689.0
test,2026-08-24,2026-08-23 00:00:00,11847.3,1.2098958333333332,0.615625,1.26875,0.90625,False,False,0.0005208333333330817,2713.0
test,2026-08-25,2026-08-24 00:00:00,11765.7,1.2015625,0.615625,1.26875,0.875,False,False,0.002951388888888573,2737.0
test,2026-08-26,2026-08-25 00:00:00,11886.4,1.2138888888888888,0.615625,1.26875,0.921875,False,False,0.0010416666666666075,2761.0
test,2026-08-27,2026-08-26 00:00:00,11847.3,1.2098958333333332,0.615625,1.26875,0.90625,False,False,0.0005208333333330817,2785.0
test,2026-08-28,2026-08-27 00:00:00,11782.699999999999,1.203298611111111,0.615625,1.26875,0.875,False,False,0.0012152777777776347,2809.0
test,2026-08-29,2026-08-28 00:00:00,9594.8,0.9798611111111111,0.615625,1.26875,0.59375,False,False,0.009027777777777857,2833.0
test,2026-08-30,2026-08-29 00:00:00,11558.3,1.1803819444444443,0.615625,1.26875,0.828125,False,False,0.000694444444444331,2857.0
test,2026-08-31,2026-08-30 00:00:00,11245.5,1.1484375,0.615625,1.26875,0.8125,False,False,0.0074652777777777235,2881.0
test,2026-09-01,2026-08-31 00:00:00,11473.3,1.1717013888888888,0.615625,1.26875,0.8125,False,False,0.005034722222222232,2905.0
test,2026-09-02,2026-09-01 00:00:00,11476.699999999999,1.172048611111111,0.615625,1.26875,0.8125,False,False,0.004687499999999956,2929.0
test,2026-09-03,2026-09-02 00:00:00,11517.499999999998,1.1762152777777777,0.615625,1.26875,0.8125,False,False,0.0005208333333333037,2953.0
test,2026-09-04,2026-09-03 00:00:00,11223.400000000001,1.1461805555555558,0.615625,1.26875,0.8125,False,False,0.005208333333333481,2977.0
test,2026-09-05,2026-09-04 00:00:00,11179.199999999999,1.1416666666666666,0.615625,1.26875,0.8125,False,False,0.000694444444444331,3001.0
test,2026-09-06,2026-09-05 00:00:00,11264.199999999999,1.1503472222222222,0.615625,1.26875,0.8125,False,False,0.009374999999999911,3025.0
test,2026-09-07,2026-09-06 00:00:00,11293.099999999999,1.153298611111111,0.615625,1.26875,0.8125,False,False,0.012326388888888706,3049.0
test,2026-09-08,2026-09-07 00:00:00,11279.500000000002,1.1519097222222223,0.615625,1.26875,0.8125,False,False,0.010937500000000044,3073.0
test,2026-09-09,2026-09-08 00:00:00,11284.6,1.1524305555555556,0.615625,1.26875,0.8125,False,False,0.011458333333333348,3097.0
test,2026-09-10,2026-09-09 00:00:00,11038.1,1.1272569444444445,0.615625,1.26875,0.765625,False,False,0.0015624999999996891,3121.0
test,2026-09-11,2026-09-10 00:00:00,11044.9,1.1279513888888888,0.615625,1.26875,0.765625,False,False,0.0008680555555553582,3145.0
test,2026-09-12,2026-09-11 00:00:00,10847.7,1.1078125,0.615625,1.26875,0.765625,False,False,0.002256944444444464,3169.0
test,2026-09-13,2026-09-12 00:00:00,10963.3,1.1196180555555555,0.615625,1.26875,0.765625,False,False,0.009201388888888662,3193.0
test,2026-09-14,2026-09-13 00:00:00,10648.8,1.0875,0.615625,1.26875,0.734375,False,False,0.000694444444444553,3217.0
test,2026-09-15,2026-09-14 00:00:00,10216.999999999998,1.0434027777777777,0.615625,1.26875,0.6875,False,False,0.005555555555555536,3241.0
test,2026-09-16,2026-09-15 00:00:00,10689.599999999999,1.0916666666666666,0.615625,1.26875,0.75,False,False,0.003472222222222099,3265.0
test,2026-09-17,2026-09-16 00:00:00,9361.899999999998,0.9560763888888887,0.615625,1.26875,0.59375,False,False,0.006597222222222143,3289.0
test,2026-09-18,2026-09-17 00:00:00,9679.8,0.9885416666666665,0.615625,1.26875,0.59375,False,False,0.0003472222222223875,3313.0
test,2026-09-19,2026-09-18 00:00:00,9718.9,0.9925347222222222,0.615625,1.26875,0.609375,False,False,0.003645833333333237,3337.0
test,2026-09-20,2026-09-19 00:00:00,9895.7,1.0105902777777778,0.615625,1.26875,0.640625,False,False,0.0017361111111111605,3361.0
test,2026-09-21,2026-09-20 00:00:00,9951.8,1.0163194444444443,0.615625,1.26875,0.65625,False,False,0.002777777777777768,3385.0
test,2026-09-22,2026-09-21 00:00:00,9441.8,0.9642361111111111,0.615625,1.26875,0.59375,False,False,0.01475694444444453,3409.0
test,2026-09-23,2026-09-22 00:00:00,9514.900000000001,0.971701388888889,0.615625,1.26875,0.59375,False,False,0.01718749999999991,3433.0
test,2026-09-24,2026-09-23 00:00:00,9710.400000000001,0.9916666666666668,0.615625,1.26875,0.609375,False,False,0.002777777777777879,3457.0
test,2026-09-25,2026-09-24 00:00:00,10220.4,1.04375,0.615625,1.26875,0.6875,False,False,0.005902777777777812,3481.0
test,2026-09-26,2026-09-25 00:00:00,9803.899999999998,1.0012152777777776,0.615625,1.26875,0.609375,False,False,2.220446049250313e-16,3505.0
test,2026-09-27,2026-09-26 00:00:00,9326.2,0.9524305555555557,0.615625,1.26875,0.59375,False,False,0.002951388888889128,3529.0
test,2026-09-28,2026-09-27 00:00:00,8549.3,0.8730902777777777,0.615625,1.26875,0.390625,False,False,0.010763888888889017,3553.0
