stage,source_endpoint_day,forecast_pv_kwh,supply_to_load_ratio
validation,2025-10-01,8156.599999999999,0.8329861111111111
validation,2025-10-02,9290.5,0.9487847222222222
validation,2025-10-03,8761.8,0.8947916666666665
validation,2025-10-04,9032.099999999999,0.9223958333333332
validation,2025-10-05,8969.199999999999,0.9159722222222221
validation,2025-10-06,8222.9,0.8397569444444444
validation,2025-10-07,6873.1,0.7019097222222223
validation,2025-10-08,6679.299999999999,0.6821180555555555
validation,2025-10-09,7886.3,0.8053819444444444
validation,2025-10-10,7570.099999999999,0.7730902777777777
validation,2025-10-11,8285.8,0.8461805555555555
validation,2025-10-12,7740.1,0.7904513888888889
validation,2025-10-13,7719.7,0.7883680555555556
validation,2025-10-14,7593.9000000000015,0.7755208333333334
validation,2025-10-15,7915.200000000002,0.8083333333333335
validation,2025-10-16,7877.8,0.8045138888888889
validation,2025-10-17,7655.099999999999,0.7817708333333333
validation,2025-10-18,7869.3,0.8036458333333334
validation,2025-10-19,6623.199999999999,0.6763888888888888
validation,2025-10-20,7296.400000000001,0.7451388888888889
validation,2025-10-21,7287.9,0.7442708333333333
validation,2025-10-22,7044.8,0.7194444444444444
validation,2025-10-23,6800.0,0.6944444444444444
validation,2025-10-24,7461.299999999998,0.7619791666666665
validation,2025-10-25,6801.7,0.6946180555555556
validation,2025-10-26,7192.7,0.7345486111111111
validation,2025-10-27,6898.6,0.7045138888888889
validation,2025-10-28,7046.5,0.7196180555555556
validation,2025-10-29,6964.9,0.7112847222222222
validation,2025-10-30,7097.499999999999,0.7248263888888888
validation,2025-10-31,7270.9,0.7425347222222222
validation,2025-11-01,6997.2,0.7145833333333333
validation,2025-11-02,6531.400000000001,0.6670138888888889
validation,2025-11-03,4542.4,0.46388888888888885
validation,2025-11-04,6653.8,0.6795138888888889
validation,2025-11-05,6667.4,0.6809027777777777
validation,2025-11-06,6172.7,0.6303819444444444
validation,2025-11-07,4785.5,0.4887152777777778
validation,2025-11-08,6329.1,0.6463541666666667
validation,2025-11-09,6528.0,0.6666666666666666
validation,2025-11-10,5766.400000000001,0.5888888888888889
validation,2025-11-11,6308.7,0.6442708333333333
validation,2025-11-12,4941.9,0.5046875
validation,2025-11-13,4204.1,0.42934027777777783
validation,2025-11-14,5982.299999999999,0.6109374999999999
validation,2025-11-15,6198.2,0.6329861111111111
validation,2025-11-16,6189.7,0.6321180555555556
validation,2025-11-17,5795.3,0.5918402777777778
validation,2025-11-18,6058.799999999999,0.6187499999999999
validation,2025-11-19,6060.500000000001,0.6189236111111112
validation,2025-11-20,6019.7,0.6147569444444444
validation,2025-11-21,5885.4,0.6010416666666666
validation,2025-11-22,5256.4,0.5368055555555555
validation,2025-11-23,5892.2,0.6017361111111111
validation,2025-11-24,4182.0,0.4270833333333333
validation,2025-11-25,5030.299999999999,0.5137152777777777
validation,2025-11-26,5472.3,0.5588541666666667
validation,2025-11-27,4936.8,0.5041666666666667
validation,2025-11-28,5145.9,0.5255208333333333
validation,2025-11-29,4737.9,0.48385416666666664
validation,2025-11-30,4455.7,0.4550347222222222
validation,2025-12-01,5083.0,0.5190972222222222
validation,2025-12-02,5416.2,0.553125
validation,2025-12-03,3653.2999999999997,0.37309027777777776
test,2026-02-20,6783.0,0.6927083333333334
test,2026-02-21,7780.9,0.7946180555555555
test,2026-02-22,6585.799999999999,0.6725694444444443
test,2026-02-23,7384.799999999998,0.7541666666666665
test,2026-02-24,7641.5,0.7803819444444444
test,2026-02-25,6184.599999999999,0.6315972222222221
test,2026-02-26,8425.2,0.8604166666666667
test,2026-02-27,8287.5,0.8463541666666666
test,2026-02-28,7770.700000000001,0.7935763888888889
test,2026-03-01,7604.099999999999,0.7765624999999999
test,2026-03-02,8421.8,0.8600694444444443
test,2026-03-03,8794.1,0.8980902777777778
test,2026-03-04,7969.6,0.8138888888888889
test,2026-03-05,8957.3,0.9147569444444443
test,2026-03-06,7745.2,0.7909722222222222
test,2026-03-07,7590.500000000001,0.7751736111111112
test,2026-03-08,9152.8,0.9347222222222221
test,2026-03-09,8399.699999999999,0.8578124999999999
test,2026-03-10,9288.8,0.9486111111111111
test,2026-03-11,9108.6,0.9302083333333334
test,2026-03-12,8840.0,0.9027777777777778
test,2026-03-13,9273.5,0.9470486111111112
test,2026-03-14,6028.2,0.615625
test,2026-03-20,6301.900000000001,0.6435763888888889
test,2026-03-21,6653.8,0.6795138888888889
test,2026-03-22,8024.0,0.8194444444444444
test,2026-03-23,8238.199999999999,0.8413194444444443
test,2026-03-24,8085.200000000001,0.8256944444444445
test,2026-03-25,9297.3,0.9494791666666665
test,2026-03-26,8846.8,0.9034722222222221
test,2026-03-27,8926.7,0.9116319444444445
test,2026-03-28,7927.099999999999,0.8095486111111111
test,2026-03-29,9139.199999999999,0.9333333333333332
test,2026-03-30,9803.900000000001,1.0012152777777779
test,2026-04-02,10162.599999999999,1.0378472222222221
test,2026-04-03,10296.9,1.0515625
test,2026-04-04,8964.1,0.9154513888888889
test,2026-04-05,9146.0,0.9340277777777778
test,2026-04-06,10424.4,1.0645833333333332
test,2026-04-07,9878.699999999999,1.0088541666666666
test,2026-04-08,10162.599999999999,1.0378472222222221
test,2026-04-09,10655.6,1.0881944444444445
test,2026-04-10,11141.8,1.1378472222222222
test,2026-04-11,10825.6,1.1055555555555556
test,2026-04-12,11172.4,1.1409722222222223
test,2026-04-13,11588.9,1.1835069444444444
test,2026-04-14,10325.8,1.0545138888888888
test,2026-04-15,8443.899999999998,0.8623263888888887
test,2026-04-16,11522.599999999999,1.176736111111111
test,2026-04-17,9924.599999999999,1.0135416666666666
test,2026-04-18,8013.8,0.8184027777777778
test,2026-04-19,9683.2,0.9888888888888889
test,2026-04-20,11952.699999999999,1.2206597222222222
test,2026-04-21,11723.199999999999,1.1972222222222222
test,2026-04-22,11842.2,1.209375
test,2026-04-23,11794.599999999999,1.2045138888888887
test,2026-04-24,11565.099999999999,1.1810763888888887
test,2026-04-25,7624.5,0.7786458333333334
test,2026-04-26,11876.199999999999,1.2128472222222222
test,2026-04-27,11053.399999999998,1.1288194444444442
test,2026-04-28,12200.9,1.2460069444444444
test,2026-04-29,12092.099999999997,1.234895833333333
test,2026-04-30,12423.6,1.26875
test,2026-05-01,12318.2,1.2579861111111112
