split,method,basis,hours,tp,fp,fn,tn,precision,recall,f1,mae,rmse
validation,original,weather_full,3566,241,55,65,3205,0.8141891891891891,0.7875816993464052,0.8006644518272426,29.33746861937588,69.65638278353492
validation,original,weather_common,3419,233,47,59,3080,0.8321428571428572,0.797945205479452,0.8146853146853147,27.55151556015355,64.0588163979453
validation,original,satellite_common,3419,212,68,82,3057,0.7571428571428571,0.7210884353741497,0.7386759581881533,45.16727764147258,95.07229635201192
validation,persistence,weather_full,3566,244,62,62,3198,0.7973856209150327,0.7973856209150327,0.7973856209150327,32.469433538979246,80.09554375942383
validation,persistence,weather_common,3419,236,54,56,3073,0.8137931034482758,0.8082191780821918,0.8109965635738832,30.509505703422054,73.8507106544738
validation,persistence,satellite_common,3419,218,72,76,3053,0.7517241379310344,0.7414965986394558,0.7465753424657534,43.59593448376718,95.07164098800489
validation,nwp_day2,weather_full,3566,268,21,38,3239,0.9273356401384083,0.8758169934640523,0.9008403361344538,17.692933258553,45.42010853260759
validation,nwp_day2,weather_common,3419,255,16,37,3111,0.940959409594096,0.8732876712328768,0.9058614564831261,16.616554548113484,39.8840451511527
validation,nwp_day2,satellite_common,3419,228,43,66,3082,0.8413284132841329,0.7755102040816326,0.8070796460176991,33.8179292190699,73.10891931266133
validation,median_bias,weather_full,3566,268,21,38,3239,0.9273356401384083,0.8758169934640523,0.9008403361344538,17.692933258553,45.42010853260759
validation,median_bias,weather_common,3419,255,16,37,3111,0.940959409594096,0.8732876712328768,0.9058614564831261,16.616554548113484,39.8840451511527
validation,median_bias,satellite_common,3419,228,43,66,3082,0.8413284132841329,0.7755102040816326,0.8070796460176991,33.8179292190699,73.10891931266133
validation,ridge_bias,weather_full,3566,267,21,39,3239,0.9270833333333334,0.8725490196078431,0.898989898989899,18.872934066991977,45.05337801523897
validation,ridge_bias,weather_common,3419,254,16,38,3111,0.9407407407407408,0.8698630136986302,0.9039145907473309,17.821616006948783,39.50094706804127
validation,ridge_bias,satellite_common,3419,227,43,67,3082,0.8407407407407408,0.7721088435374149,0.8049645390070922,35.480638337917455,73.39529425729022
validation,global_residual,weather_full,3566,268,21,38,3239,0.9273356401384083,0.8758169934640523,0.9008403361344538,17.692933258553,45.42010853260759
validation,global_residual,weather_common,3419,255,16,37,3111,0.940959409594096,0.8732876712328768,0.9058614564831261,16.616554548113484,39.8840451511527
validation,global_residual,satellite_common,3419,228,43,66,3082,0.8413284132841329,0.7755102040816326,0.8070796460176991,33.8179292190699,73.10891931266133
validation,analogue_raw,weather_full,3566,273,28,33,3232,0.9069767441860465,0.8921568627450981,0.899505766062603,16.805524397083566,44.98939630162833
validation,analogue_raw,weather_common,3419,259,23,33,3104,0.9184397163120568,0.886986301369863,0.9024390243902439,15.732962854635858,39.45738275797558
validation,analogue_raw,satellite_common,3419,235,47,59,3078,0.8333333333333334,0.7993197278911565,0.8159722222222222,33.85244223457151,74.11222597255988
validation,analogue_solar,weather_full,3566,273,29,33,3231,0.9039735099337748,0.8921568627450981,0.8980263157894737,16.81832319205074,44.980002568206814
validation,analogue_solar,weather_common,3419,259,24,33,3103,0.9151943462897526,0.886986301369863,0.9008695652173913,15.745188110974864,39.4774401813939
validation,analogue_solar,satellite_common,3419,234,49,60,3076,0.8268551236749117,0.7959183673469388,0.8110918544194108,33.88378205611008,74.23616789772
test,original,weather_full,3567,965,24,45,2533,0.9757330637007078,0.9554455445544554,0.9654827413706853,14.265815252695754,42.66015997533186
test,original,weather_common,3517,949,24,45,2499,0.9753340184994861,0.954728370221328,0.9649211997966446,14.386629533330474,42.94520640028332
test,original,satellite_common,3517,920,53,55,2489,0.9455292908530318,0.9435897435897436,0.944558521560575,25.35070640138357,60.64394728922858
test,persistence,weather_full,3567,985,20,25,2537,0.9800995024875622,0.9752475247524752,0.9776674937965261,12.259321558732829,40.10747056849009
test,persistence,weather_common,3517,969,20,25,2503,0.9797775530839231,0.9748490945674044,0.9773071104387292,12.39237986920671,40.386193684456735
test,persistence,satellite_common,3517,941,48,34,2494,0.9514661274014156,0.9651282051282051,0.9582484725050916,22.093687802104068,55.027287283212665
test,nwp_day2,weather_full,3567,993,15,17,2542,0.9851190476190477,0.9831683168316832,0.9841427155599604,8.805719091673675,22.80048396340563
test,nwp_day2,weather_common,3517,977,15,17,2508,0.9848790322580645,0.9828973843058351,0.9838872104733132,8.866079044640319,22.942635315321304
test,nwp_day2,satellite_common,3517,950,42,25,2500,0.9576612903225806,0.9743589743589743,0.9659379766141332,19.325419391526868,44.94844375462256
test,median_bias,weather_full,3567,993,15,17,2542,0.9851190476190477,0.9831683168316832,0.9841427155599604,8.805719091673675,22.80048396340563
test,median_bias,weather_common,3517,977,15,17,2508,0.9848790322580645,0.9828973843058351,0.9838872104733132,8.866079044640319,22.942635315321304
test,median_bias,satellite_common,3517,950,42,25,2500,0.9576612903225806,0.9743589743589743,0.9659379766141332,19.325419391526868,44.94844375462256
test,ridge_bias,weather_full,3567,988,10,22,2547,0.9899799599198397,0.9782178217821782,0.9840637450199203,9.43279221184605,22.712433799594105
test,ridge_bias,weather_common,3517,972,10,22,2513,0.9898167006109979,0.9778672032193159,0.9838056680161943,9.484048795339582,22.849592288534254
test,ridge_bias,satellite_common,3517,944,38,31,2504,0.9613034623217923,0.9682051282051282,0.9647419519672968,20.152929489741005,45.0858871412808
test,global_residual,weather_full,3567,993,15,17,2542,0.9851190476190477,0.9831683168316832,0.9841427155599604,8.805719091673675,22.80048396340563
test,global_residual,weather_common,3517,977,15,17,2508,0.9848790322580645,0.9828973843058351,0.9838872104733132,8.866079044640319,22.942635315321304
test,global_residual,satellite_common,3517,950,42,25,2500,0.9576612903225806,0.9743589743589743,0.9659379766141332,19.325419391526868,44.94844375462256
test,analogue_raw,weather_full,3567,993,16,17,2541,0.9841427155599604,0.9831683168316832,0.9836552748885586,6.921082141855901,22.1251489836738
test,analogue_raw,weather_common,3517,977,16,17,2507,0.9838872104733132,0.9828973843058351,0.9833920483140413,6.987489337503554,22.276932660177668
test,analogue_raw,satellite_common,3517,950,43,25,2499,0.9566968781470292,0.9743589743589743,0.9654471544715447,18.22732442422519,44.952166312473175
test,analogue_solar,weather_full,3567,994,17,16,2540,0.9831849653808111,0.9841584158415841,0.983671449777338,6.96053046968453,22.303314709922763
test,analogue_solar,weather_common,3517,978,17,16,2506,0.9829145728643216,0.9839034205231388,0.9834087481146304,7.029250839480905,22.456725919615028
test,analogue_solar,satellite_common,3517,951,44,24,2498,0.9557788944723619,0.9753846153846154,0.965482233502538,18.27182070304879,45.07869114787756
