split,grouping,value,method,hours,mae_w_m2,rmse_w_m2
validation,month,2025-12,original_model,629,23.666890367659928,55.64098956036203
validation,month,2025-12,persistence,629,23.88871224165342,60.27915980269037
validation,month,2026-01,original_model,744,26.62485340718209,60.97062590103708
validation,month,2026-01,persistence,744,30.922043010752688,70.3180562320807
validation,month,2026-02,original_model,672,24.875879307591713,59.37644499996254
validation,month,2026-02,persistence,672,28.348214285714285,65.69756192475596
validation,month,2026-03,original_model,744,34.212881541410425,80.04919750101857
validation,month,2026-03,persistence,744,36.66935483870968,93.68613236679943
validation,month,2026-04,original_model,720,32.46647546923483,72.19652883875237
validation,month,2026-04,persistence,720,37.53194444444444,88.51329937736287
validation,month,2026-05,original_model,57,76.7580880900484,172.68070466880732
validation,month,2026-05,persistence,57,77.17543859649123,179.7212754297756
validation,hour,00,original_model,149,0.39555159038135806,0.42440849158775534
validation,hour,00,persistence,149,0.0,0.0
validation,hour,01,original_model,149,0.39845204400940326,0.42569282923670315
validation,hour,01,persistence,149,0.0,0.0
validation,hour,02,original_model,149,0.40692511020142624,0.44135199318656076
validation,hour,02,persistence,149,0.0,0.0
validation,hour,03,original_model,149,0.39527463860124845,0.42412973918610597
validation,hour,03,persistence,149,0.0,0.0
validation,hour,04,original_model,149,0.39882653540725976,0.4271692201086962
validation,hour,04,persistence,149,0.0,0.0
validation,hour,05,original_model,149,0.38192887935862774,0.3935375107635212
validation,hour,05,persistence,149,0.0,0.0
validation,hour,06,original_model,149,0.38303668647906625,0.3944966304676724
validation,hour,06,persistence,149,0.0,0.0
validation,hour,07,original_model,149,1.095143545891705,2.7808364623651425
validation,hour,07,persistence,149,0.8187919463087249,2.921799574179901
validation,hour,08,original_model,149,9.632342957731945,25.348830984364433
validation,hour,08,persistence,149,8.966442953020135,25.0596603564615
validation,hour,09,original_model,148,30.05799284806675,49.259722936059774
validation,hour,09,persistence,148,29.47972972972973,52.416793780908336
validation,hour,10,original_model,148,50.84884354206149,76.76128381795534
validation,hour,10,persistence,148,55.87162162162162,88.78546113023296
validation,hour,11,original_model,148,78.4254600839607,119.59319051387304
validation,hour,11,persistence,148,86.55405405405405,131.10873350009908
validation,hour,12,original_model,148,94.77896277080212,139.41709724015027
validation,hour,12,persistence,148,103.46621621621621,154.3612601938992
validation,hour,13,original_model,148,100.48330667847794,144.42713377104576
validation,hour,13,persistence,148,115.70945945945945,167.0144232321495
validation,hour,14,original_model,148,102.44162242371753,142.54588981153037
validation,hour,14,persistence,148,118.07432432432432,167.50084711363039
validation,hour,15,original_model,148,89.67543131361164,123.50949198458247
validation,hour,15,persistence,148,99.79729729729729,142.8901959831678
validation,hour,16,original_model,148,68.56656819447662,102.24735037398469
validation,hour,16,persistence,148,78.97972972972973,125.71431039399548
validation,hour,17,original_model,148,47.896206739146,74.06043893059179
validation,hour,17,persistence,148,54.189189189189186,86.65448632355972
validation,hour,18,original_model,148,23.02804261628674,40.88998133040928
validation,hour,18,persistence,148,25.27027027027027,49.343254419999056
validation,hour,19,original_model,149,5.309902773308806,12.07702630412145
validation,hour,19,persistence,149,4.926174496644295,12.980108685080802
validation,hour,20,original_model,149,0.5501636031535136,0.9398338140418085
validation,hour,20,persistence,149,0.1342281879194631,0.6553855364152323
validation,hour,21,original_model,149,0.4021844845849967,0.4370090808991421
validation,hour,21,persistence,149,0.0,0.0
validation,hour,22,original_model,149,0.3951580099945653,0.423550942542709
validation,hour,22,persistence,149,0.0,0.0
validation,hour,23,original_model,149,0.38834665448320016,0.4096691377236664
validation,hour,23,persistence,149,0.0,0.0
test,month,2026-05,original_model,687,37.24894311177949,90.09430619611126
test,month,2026-05,persistence,687,32.22561863173217,83.28052766529284
test,month,2026-06,original_model,720,11.036814638633269,19.745806948903997
test,month,2026-06,persistence,720,8.293055555555556,17.048582541274996
test,month,2026-07,original_model,744,7.397815737210826,14.060451734269725
test,month,2026-07,persistence,744,5.432795698924731,11.898766539490147
test,month,2026-08,original_model,744,8.924044323120745,20.730289888809853
test,month,2026-08,persistence,744,8.97983870967742,24.902848867557907
test,month,2026-09,original_model,672,7.747274797426508,15.794198477188692
test,month,2026-09,persistence,672,7.285714285714286,17.126976771553505
test,hour,00,original_model,148,0.4218902602214753,0.4733343471627195
test,hour,00,persistence,148,0.0,0.0
test,hour,01,original_model,148,0.39797826311282936,0.45022640734145764
test,hour,01,persistence,148,0.0,0.0
test,hour,02,original_model,148,0.38170481833427433,0.4104137634262065
test,hour,02,persistence,148,0.0,0.0
test,hour,03,original_model,148,0.3737912889572894,0.4184969895299801
test,hour,03,persistence,148,0.0,0.0
test,hour,04,original_model,148,0.360599879789486,0.3765495752720793
test,hour,04,persistence,148,0.0,0.0
test,hour,05,original_model,148,0.3460546177220086,0.35200744079754037
test,hour,05,persistence,148,0.0,0.0
test,hour,06,original_model,148,0.4647645975852723,0.5580561702536587
test,hour,06,persistence,148,0.06756756756756757,0.25993762245501817
test,hour,07,original_model,148,4.416108246908085,6.433704309804339
test,hour,07,persistence,148,3.054054054054054,5.39644527644093
test,hour,08,original_model,148,13.967873171813869,24.834698522889372
test,hour,08,persistence,148,11.85135135135135,25.87391465278224
test,hour,09,original_model,149,21.398271686337228,43.3885366565035
test,hour,09,persistence,149,19.70469798657718,43.93176527297759
test,hour,10,original_model,149,29.196502652742556,60.21032510515684
test,hour,10,persistence,149,20.456375838926174,47.43543828583359
test,hour,11,original_model,149,33.89885762073354,80.84892327595374
test,hour,11,persistence,149,28.140939597315437,70.37898366900363
test,hour,12,original_model,149,34.475076475235596,63.345072285351016
test,hour,12,persistence,149,27.523489932885905,53.67107128255826
test,hour,13,original_model,149,36.91093345711209,81.83650889328149
test,hour,13,persistence,149,31.033557046979865,74.77105997239823
test,hour,14,original_model,149,37.52646508061213,85.5991425016608
test,hour,14,persistence,149,34.12080536912752,71.98601653919467
test,hour,15,original_model,149,37.74758495396391,74.06857052038349
test,hour,15,persistence,149,31.221476510067113,66.90161061854718
test,hour,16,original_model,149,35.9137027209043,66.53100526049212
test,hour,16,persistence,149,34.34228187919463,73.73301192125456
test,hour,17,original_model,149,24.418734691010453,42.26013178374241
test,hour,17,persistence,149,25.536912751677853,56.34701923954104
test,hour,18,original_model,149,16.38608336343477,30.204576444065538
test,hour,18,persistence,149,17.416107382550337,40.763929969731585
test,hour,19,original_model,149,9.067612255631644,14.475827137720488
test,hour,19,persistence,149,7.758389261744966,16.59708068451564
test,hour,20,original_model,149,2.2487684525584966,3.0683469903335645
test,hour,20,persistence,149,1.3557046979865772,2.08863977444234
test,hour,21,original_model,149,0.5453477585941009,0.7632161638076188
test,hour,21,persistence,149,0.0,0.0
test,hour,22,original_model,149,0.4424999953733075,0.6191527086451989
test,hour,22,persistence,149,0.0,0.0
test,hour,23,original_model,149,0.35248343299053236,0.47354138392360895
test,hour,23,persistence,149,0.0,0.0
