date,hour,predicted_radiation_w_m2,actual_radiation_w_m2,temperature_c,demand_m3,baseline_m3,scheduled_m3,baseline_storage_m3,storage_start_m3,storage_m3,price_eur_mwh,energy_kwh,baseline_energy_kwh,proxy_surplus_predicted,proxy_surplus_actual,normal_power_kw,aquashift_power_kw,tank_level_m3,surplus_flag
2026-07-15,0,0.5093950389098407,0.0,25.0,120.0,120.0,0.0,2000.0,2000.0,1880.0,130.0,0.0,408.0,False,False,408.0,0.0,1880.0,False
2026-07-15,1,0.5093950389098407,0.0,24.6,120.0,120.0,0.0,2000.0,1880.0,1760.0,130.0,0.0,408.0,False,False,408.0,0.0,1760.0,False
2026-07-15,2,0.5093950389098407,0.0,24.5,120.0,120.0,0.0,2000.0,1760.0,1640.0,130.0,0.0,408.0,False,False,408.0,0.0,1640.0,False
2026-07-15,3,0.5093950389098407,0.0,24.2,120.0,120.0,0.0,2000.0,1640.0,1520.0,130.0,0.0,408.0,False,False,408.0,0.0,1520.0,False
2026-07-15,4,0.5093950389098407,0.0,23.7,120.0,120.0,0.0,2000.0,1520.0,1400.0,130.0,0.0,408.0,False,False,408.0,0.0,1400.0,False
2026-07-15,5,0.6886062604214187,0.0,23.4,120.0,120.0,0.0,2000.0,1400.0,1280.0,130.0,0.0,408.0,False,False,408.0,0.0,1280.0,False
2026-07-15,6,0.6886062604214187,1.0,23.6,120.0,120.0,0.0,2000.0,1280.0,1160.0,130.0,0.0,408.0,False,False,408.0,0.0,1160.0,False
2026-07-15,7,79.32456790587477,77.0,25.5,120.0,120.0,0.0,2000.0,1160.0,1040.0,130.0,0.0,408.0,False,False,408.0,0.0,1040.0,False
2026-07-15,8,269.07989079462806,259.0,27.0,120.0,120.0,0.0,2000.0,1040.0,920.0,130.0,0.0,408.0,False,False,408.0,0.0,920.0,False
2026-07-15,9,456.85389440838935,463.0,29.3,120.0,120.0,0.0,2000.0,920.0,800.0,130.0,0.0,408.0,False,False,408.0,0.0,800.0,False
2026-07-15,10,649.1715220212648,655.0,30.4,120.0,120.0,120.0,2000.0,800.0,800.0,101.0,408.0,408.0,True,True,408.0,408.0,800.0,True
2026-07-15,11,801.4970199788401,812.0,30.3,120.0,120.0,260.0,2000.0,800.0,940.0,101.0,884.0,408.0,True,True,408.0,884.0,940.0,True
2026-07-15,12,924.0866278258231,921.0,30.4,120.0,120.0,500.0,2000.0,940.0,1320.0,101.0,1700.0,408.0,True,True,408.0,1700.0,1320.0,True
2026-07-15,13,965.9144298979965,978.0,30.8,120.0,120.0,500.0,2000.0,1320.0,1700.0,101.0,1700.0,408.0,True,True,408.0,1700.0,1700.0,True
2026-07-15,14,959.7174779743976,970.0,30.8,120.0,120.0,500.0,2000.0,1700.0,2080.0,101.0,1700.0,408.0,True,True,408.0,1700.0,2080.0,True
2026-07-15,15,893.1831163378066,892.0,31.6,120.0,120.0,500.0,2000.0,2080.0,2460.0,101.0,1700.0,408.0,True,True,408.0,1700.0,2460.0,True
2026-07-15,16,775.9497921663071,782.0,31.1,120.0,120.0,500.0,2000.0,2460.0,2840.0,101.0,1700.0,408.0,True,True,408.0,1700.0,2840.0,True
2026-07-15,17,613.8595050641338,619.0,30.6,120.0,120.0,0.0,2000.0,2840.0,2720.0,183.0,0.0,408.0,True,True,408.0,0.0,2720.0,True
2026-07-15,18,435.1526350108734,428.0,29.9,120.0,120.0,0.0,2000.0,2720.0,2600.0,183.0,0.0,408.0,False,False,408.0,0.0,2600.0,False
2026-07-15,19,220.321073257507,228.0,28.9,120.0,120.0,0.0,2000.0,2600.0,2480.0,183.0,0.0,408.0,False,False,408.0,0.0,2480.0,False
2026-07-15,20,54.22280756514669,56.0,27.7,120.0,120.0,0.0,2000.0,2480.0,2360.0,183.0,0.0,408.0,False,False,408.0,0.0,2360.0,False
2026-07-15,21,0.6093329804986747,0.0,27.2,120.0,120.0,0.0,2000.0,2360.0,2240.0,183.0,0.0,408.0,False,False,408.0,0.0,2240.0,False
2026-07-15,22,0.6093329804986747,0.0,26.7,120.0,120.0,0.0,2000.0,2240.0,2120.0,183.0,0.0,408.0,False,False,408.0,0.0,2120.0,False
2026-07-15,23,0.6093329804986747,0.0,26.2,120.0,120.0,0.0,2000.0,2120.0,2000.0,130.0,0.0,408.0,False,False,408.0,0.0,2000.0,False
