split,basis,method,hours,mae,rmse,mean_error,tp,tn,fp,fn,precision,recall,f1
validation,weather_full,original,3566,29.33746861937588,69.65638278353492,5.137508611702282,241,3205,55,65,0.8141891891891891,0.7875816993464052,0.8006644518272426
validation,weather_full,persistence,3566,32.469433538979246,80.09554375942383,-0.18059450364554122,244,3198,62,62,0.7973856209150327,0.7973856209150327,0.7973856209150327
validation,weather_full,nwp_day2,3566,17.692933258553,45.42010853260759,0.6318003365114975,268,3239,21,38,0.9273356401384083,0.8758169934640523,0.9008403361344538
validation,weather_full,analogue_raw,3566,16.805524397083566,44.98939630162833,2.2020471116096467,273,3232,28,33,0.9069767441860465,0.8921568627450981,0.899505766062603
validation,weather_full,guarded,3566,16.799355019629836,44.91882205572413,2.1821368480089736,268,3239,21,38,0.9273356401384083,0.8758169934640523,0.9008403361344538
validation,weather_common,original,3419,27.55151556015355,64.0588163979453,3.752631449103988,233,3080,47,59,0.8321428571428572,0.797945205479452,0.8146853146853147
validation,weather_common,persistence,3419,30.509505703422054,73.8507106544738,-0.6446329336063177,236,3073,54,56,0.8137931034482758,0.8082191780821918,0.8109965635738832
validation,weather_common,nwp_day2,3419,16.616554548113484,39.8840451511527,-0.2503656039777713,255,3111,16,37,0.940959409594096,0.8732876712328768,0.9058614564831261
validation,weather_common,analogue_raw,3419,15.732962854635858,39.45738275797558,1.3033050599590523,259,3104,23,33,0.9184397163120568,0.886986301369863,0.9024390243902439
validation,weather_common,guarded,3419,15.725650775080434,39.37228288837287,1.2834162035682948,255,3111,16,37,0.940959409594096,0.8732876712328768,0.9058614564831261
validation,satellite_common,original,3419,45.16727764147258,95.07229635201192,11.764477017983777,212,3057,68,82,0.7571428571428571,0.7210884353741497,0.7386759581881533
validation,satellite_common,persistence,3419,43.59593448376718,95.07164098800489,7.3672126352734715,218,3053,72,76,0.7517241379310344,0.7414965986394558,0.7465753424657534
validation,satellite_common,nwp_day2,3419,33.8179292190699,73.10891931266133,7.761479964902018,228,3082,43,66,0.8413284132841329,0.7755102040816326,0.8070796460176991
validation,satellite_common,analogue_raw,3419,33.85244223457151,74.11222597255988,9.315150628838841,235,3078,47,59,0.8333333333333334,0.7993197278911565,0.8159722222222222
validation,satellite_common,guarded,3419,33.85302720093595,74.07249685864872,9.295261772448084,228,3082,43,66,0.8413284132841329,0.7755102040816326,0.8070796460176991
test,weather_full,original,3567,14.265815252695754,42.66015997533186,-3.0176563750848735,965,2533,24,45,0.9757330637007078,0.9554455445544554,0.9654827413706853
test,weather_full,persistence,3567,12.259321558732829,40.10747056849009,-0.6377908606672273,985,2537,20,25,0.9800995024875622,0.9752475247524752,0.9776674937965261
test,weather_full,nwp_day2,3567,8.805719091673675,22.80048396340563,0.8898233809924306,993,2542,15,17,0.9851190476190477,0.9831683168316832,0.9841427155599604
test,weather_full,analogue_raw,3567,6.921082141855901,22.1251489836738,0.4408466498458088,993,2541,16,17,0.9841427155599604,0.9831683168316832,0.9836552748885586
test,weather_full,guarded,3567,6.9175777964676195,22.124159040117394,0.4373423044575273,993,2542,15,17,0.9851190476190477,0.9831683168316832,0.9841427155599604
test,weather_common,original,3517,14.386629533330474,42.94520640028332,-3.0199186821509376,949,2499,24,45,0.9753340184994861,0.954728370221328,0.9649211997966446
test,weather_common,persistence,3517,12.39237986920671,40.386193684456735,-0.6369064543645152,969,2503,20,25,0.9797775530839231,0.9748490945674044,0.9773071104387292
test,weather_common,nwp_day2,3517,8.866079044640319,22.942635315321304,0.9098663633778789,977,2508,15,17,0.9848790322580645,0.9828973843058351,0.9838872104733132
test,weather_common,analogue_raw,3517,6.987489337503554,22.276932660177668,0.47028717657094116,977,2507,16,17,0.9838872104733132,0.9828973843058351,0.9833920483140413
test,weather_common,guarded,3517,6.983935172021609,22.275935483780835,0.4667330110889963,977,2508,15,17,0.9848790322580645,0.9828973843058351,0.9838872104733132
test,satellite_common,original,3517,25.35070640138357,60.64394728922858,-2.2679994327906874,920,2489,53,55,0.9455292908530318,0.9435897435897436,0.944558521560575
test,satellite_common,persistence,3517,22.093687802104068,55.027287283212665,0.115012794995735,941,2494,48,34,0.9514661274014156,0.9651282051282051,0.9582484725050916
test,satellite_common,nwp_day2,3517,19.325419391526868,44.94844375462256,1.6617856127381292,950,2500,42,25,0.9576612903225806,0.9743589743589743,0.9659379766141332
test,satellite_common,analogue_raw,3517,18.22732442422519,44.952166312473175,1.2222064259311913,950,2499,43,25,0.9566968781470292,0.9743589743589743,0.9654471544715447
test,satellite_common,guarded,3517,18.22803525732158,44.94303727358073,1.2186522604492465,950,2500,42,25,0.9576612903225806,0.9743589743589743,0.9659379766141332
